17770,2293
0,4.28391,1
12,3.13274,1
15,3.40915,1
29,4.22786,2
30,4.37791,9
34,4.74817,1
35,4.44917,18
36,4.98721,246
61,3.19599,14
84,4.5397,30
90,5.27426,291
93,4.15982,4
104,5.17075,112
110,4.24444,2
120,4.84216,94
124,4.54942,39
125,3.35131,10
140,5.02867,348
157,4.20311,3
159,3.72143,205
161,4.78293,72
172,4.5057,3
184,4.41221,3
187,4.25078,1
197,4.64321,206
202,4.31357,12
206,4.7689,129
207,4.39308,8
214,4.96367,14
231,5.12459,679
256,5.55807,1334
268,3.73589,1
273,5.3484,824
285,3.97832,12
295,4.43835,9
297,3.54105,1
303,3.96515,1
309,5.45522,3338
317,4.12802,48
320,3.2924,1
326,3.34337,4
333,4.86462,19
340,4.42844,6
348,4.68432,89
350,3.16827,30
352,3.31852,2
355,4.71712,143
359,3.85193,11
363,3.24973,4
366,4.32357,4
376,4.47366,5
391,3.59383,6
394,4.70992,2
395,4.78985,34
410,4.68254,15
411,5.29974,2510
415,3.46183,6
422,4.59034,25
428,4.4976,6
429,4.52429,6
436,4.39442,10
443,4.02401,1
445,4.20866,3
452,4.0228,57
453,4.71392,27
459,4.25196,32
465,3.60429,2
469,3.98995,4
470,3.06143,20
473,4.73609,1
488,4.18687,5
490,4.07065,2
495,3.23969,1
522,3.9338,1
528,3.52151,1
529,3.95948,2
539,3.76287,1
544,5.16244,58
547,5.0175,725
556,5.06833,168
565,4.54271,3
571,4.31617,2
575,4.32838,59
588,4.55197,3
592,6.20885,116
593,3.39529,1
600,4.84631,1
603,5.04474,4
608,4.21417,2
614,4.76937,1
617,3.85895,10
627,4.79691,59
633,4.5307,7
635,4.00493,3
641,4.51812,4
647,2.92021,7
657,4.10633,1
661,4.75947,3
662,4.11246,2
684,4.80581,96
699,2.77623,9
716,4.30733,3
720,4.13077,3
721,4.83685,13
722,4.01067,2
723,3.78151,1
728,2.76705,1
741,4.71948,8
788,2.74564,1
809,4.72332,10
825,4.4419,3
829,3.40768,9
830,3.96579,11
850,4.58571,27
858,3.29096,12
861,3.69249,1
865,5.46481,82
866,2.99425,2
868,4.6555,55
870,3.33737,1
880,4.52152,1
881,4.34082,1
888,4.47447,8
896,4.35783,2
913,3.76352,8
922,4.71933,1
926,3.77526,1
927,4.26667,9
958,5.07225,12
964,4.62503,33
986,4.80372,280
987,4.87738,82
1010,4.10095,11
1026,4.19786,1
1030,5.27089,85
1047,4.6111,1
1048,4.46909,29
1057,5.3311,155
1059,4.77946,40
1068,4.22638,34
1076,4.33574,15
1091,3.42311,11
1092,3.82974,1
1093,4.7156,27
1098,3.96822,19
1105,3.9224,1
1116,4.1514,1
1135,4.17568,2
1143,4.30648,1
1146,4.13247,1
1152,4.16716,6
1153,4.34411,1
1156,2.86498,1
1161,4.20202,7
1173,3.15872,28
1192,4.6152,8
1196,4.4411,101
1201,4.37366,1
1204,3.95796,1
1205,2.74492,2
1216,4.6642,1
1227,4.47023,3
1228,5.24119,12
1230,4.19819,1
1234,4.52587,4
1241,4.72339,34
1245,5.0033,175
1249,4.28272,3
1252,4.37088,1
1256,4.64844,11
1260,4.1363,2
1262,5.19358,233
1263,4.00485,1
1267,4.96511,4
1271,2.29546,2
1272,4.0518,6
1275,3.50998,1
1276,4.31543,1
1295,2.93795,1
1305,4.32791,6
1307,4.78559,14
1313,4.63529,1
1319,4.14049,3
1328,4.47034,19
1336,3.96294,17
1347,5.36637,73
1356,4.58821,109
1358,5.28173,16
1359,5.04453,221
1360,2.52427,1
1379,5.33573,634
1386,4.58841,11
1403,4.49798,1
1408,4.40339,16
1409,4.4791,211
1419,4.69963,13
1430,4.64528,6
1444,5.05371,8
1446,3.91777,2
1469,4.39869,1
1474,4.39564,1
1475,3.77497,1
1480,3.11145,4
1482,4.00585,5
1483,4.93561,1
1484,4.49585,4
1490,5.2478,439
1496,3.52748,4
1505,3.20427,13
1513,3.75309,20
1523,3.91232,1
1532,3.38165,3
1535,5.41626,55
1536,4.48547,6
1545,3.38016,12
1553,5.16713,324
1558,4.54248,61
1576,4.54592,2
1579,3.24833,6
1580,4.10726,5
1594,4.44927,17
1614,5.62274,4636
1644,4.8109,1
1658,3.04179,2
1680,4.72553,255
1692,4.83428,3
1694,5.36766,167
1712,4.43717,1
1720,5.00253,28
1737,4.62947,5
1743,3.66053,36
1770,4.56822,112
1774,3.06348,4
1776,4.76659,22
1786,4.17388,5
1789,4.29681,1
1790,4.11732,1
1802,4.18665,1
1804,4.02338,1
1816,4.8022,26
1823,2.79213,1
1824,5.01385,2
1825,5.24426,867
1830,3.16737,7
1840,4.06103,6
1841,5.23982,363
1847,4.14788,4
1855,3.77256,1
1868,5.29472,10
1871,4.17268,6
1878,3.81743,3
1881,4.26793,1
1891,5.4148,2061
1908,4.15098,12
1911,5.21098,93
1912,3.97696,15
1918,5.11714,32
1920,3.11121,4
1922,3.76369,11
1928,4.4803,6
1929,2.8739,13
1934,2.80236,1
1940,2.96613,1
1942,4.71819,54
1951,3.82205,1
1955,3.58315,3
1957,4.05147,3
1973,4.44378,51
1975,4.86042,61
1987,4.31983,5
2020,4.6822,22
2028,5.00593,108
2051,4.19181,2
2062,3.86336,5
2064,3.2452,2
2077,3.621,3
2078,4.12128,9
2102,4.37818,12
2122,4.78438,12
2124,4.48483,2
2126,3.8665,7
2134,4.22706,6
2136,3.67287,3
2137,2.96203,18
2142,5.32418,6
2144,4.55648,37
2154,4.15979,50
2159,4.21226,1
2167,4.20188,1
2172,4.1626,1
2179,3.7614,1
2186,3.05087,1
2196,5.00848,83
2205,3.83477,2
2208,4.35181,12
2215,4.63566,58
2219,3.16863,12
2220,4.54998,3
2222,5.10493,5
2228,4.51181,4
2233,4.90805,144
2234,5.42774,157
2236,5.04847,161
2242,4.0497,9
2257,5.06758,170
2259,3.69686,1
2272,4.20669,47
2278,4.8982,127
2288,4.58581,105
2304,5.13331,319
2314,4.90799,163
2316,4.26375,4
2325,3.96109,3
2332,4.32435,1
2339,4.72392,1
2340,4.58574,394
2356,4.59191,58
2368,4.2911,1
2408,4.08961,191
2412,3.14654,1
2419,3.96132,2
2430,4.10652,26
2432,3.99782,3
2452,4.71179,34
2456,4.50127,7
2466,5.66176,103
2474,3.92298,1
2488,4.77582,76
2501,4.33481,5
2502,4.68228,147
2503,4.68182,37
2508,4.23794,9
2509,4.40996,5
2524,5.15365,94
2542,4.56341,45
2548,4.82587,65
2555,4.86328,21
2564,4.74506,15
2565,4.12221,1
2587,4.07236,1
2593,3.43055,1
2609,4.29968,2
2612,4.82866,22
2618,4.75667,8
2620,3.48686,1
2637,4.3691,12
2641,4.78202,66
2651,4.21389,4
2652,4.36513,1
2653,3.9558,2
2675,5.57506,564
2685,3.71503,2
2694,4.62147,9
2705,5.20791,216
2711,5.20589,710
2719,4.51025,2
2722,4.41849,7
2725,4.2084,2
2732,4.49566,3
2755,3.26418,1
2756,4.01242,35
2757,5.02927,184
2764,4.6535,88
2768,4.38935,1
2777,4.14729,2
2782,3.16317,9
2797,4.58144,21
2815,3.92856,267
2818,3.71218,2
2833,2.95847,3
2838,4.01752,2
2841,3.44262,6
2864,4.90164,36
2875,4.41516,6
2880,3.13915,21
2886,4.63415,9
2887,4.35212,3
2889,4.39526,75
2892,5.38304,195
2911,4.38257,8
2923,4.16654,1
2927,4.9207,1
2931,4.5286,3
2977,4.61489,18
2987,5.365,291
2990,4.41503,11
2992,4.00123,3
3001,3.27492,1
3002,5.04555,30
3003,4.98475,234
3008,4.30472,1
3010,4.63059,11
3015,3.49716,69
3017,3.77074,4
3029,3.87528,51
3038,3.6424,27
3056,4.43032,4
3057,4.69023,16
3058,4.80277,52
3060,4.40523,7
3063,5.90225,6
3066,5.53893,1664
3068,4.29635,26
3079,3.8034,11
3080,4.47427,1
3094,3.3467,3
3115,4.52747,3
3128,2.92098,8
3137,2.97775,20
3147,4.105,1
3163,5.1845,10
3171,4.49335,23
3174,5.02009,12
3175,4.66902,14
3177,3.46712,7
3187,2.96812,26
3192,3.05032,19
3196,4.02718,1
3200,3.79663,2
3208,4.60941,31
3214,4.43854,43
3216,4.72084,247
3227,4.35759,1
3233,4.84178,11
3241,4.77537,12
3258,4.52502,5
3273,3.97674,2
3277,5.32318,58
3292,4.9568,43
3298,4.36112,1
3303,3.58193,2
3304,4.91492,8
3311,4.17135,1
3313,4.45647,46
3314,4.97442,2
3321,4.36224,4
3326,5.30624,161
3349,5.49553,3070
3368,4.33213,8
3376,4.23844,4
3379,4.00939,1
3383,4.50981,2
3402,4.66994,35
3406,4.37824,8
3417,5.20309,2
3419,5.11988,244
3436,5.11214,95
3439,3.6247,2
3445,4.6188,2
3485,4.33082,46
3487,4.22237,62
3493,3.34393,1
3519,2.76786,1
3529,4.98093,34
3530,5.51156,922
3531,3.02327,1
3537,4.19277,5
3538,5.54059,430
3550,4.74896,4
3551,4.13229,3
3552,2.61816,7
3554,4.42097,5
3576,4.95588,47
3577,5.99858,167
3578,4.38156,101
3595,5.15726,61
3596,4.25104,3
3613,4.02376,40
3622,3.26216,3
3634,4.40069,1
3643,4.46762,24
3651,3.24249,3
3662,4.4794,64
3669,4.44391,1
3675,4.94841,75
3676,3.97546,1
3680,4.34746,1
3683,4.76531,194
3685,4.31194,1
3690,4.09522,10
3698,3.29236,22
3705,4.5077,2
3714,4.51227,5
3728,4.71192,30
3733,4.52538,1
3734,4.30658,3
3743,4.50032,71
3745,4.22905,12
3746,4.71381,11
3756,4.60845,3
3763,3.99542,33
3767,4.10513,1
3769,3.70205,5
3772,3.23512,70
3794,3.95465,3
3795,3.40669,1
3797,3.37912,2
3847,3.91284,1
3849,3.66989,1
3856,4.40692,6
3867,4.30317,2
3880,4.51114,334
3882,3.79114,3
3884,4.13679,1
3885,4.60233,264
3887,5.14311,308
3904,3.9346,1
3908,3.50255,2
3909,4.6878,31
3915,4.09299,1
3918,4.63052,5
3930,4.04692,14
3938,5.0514,193
3956,4.342,1
3961,4.59155,37
3971,3.49563,1
3974,4.38815,43
3979,4.43343,7
3984,3.83895,6
3992,3.18746,2
3996,4.1162,19
4000,4.23275,5
4001,4.85194,87
4005,3.33971,149
4007,2.89239,1
4010,4.13629,1
4026,4.6818,84
4032,5.4886,365
4040,4.71048,3
4047,4.69808,21
4049,3.94111,1
4056,5.15913,117
4059,5.09935,116
4069,4.88173,97
4080,4.54719,1
4094,4.25866,2
4098,4.65922,66
4104,3.31708,1
4137,4.38356,2
4148,4.36526,1
4159,3.49015,2
4161,3.98639,1
4163,3.50154,23
4166,4.5183,1
4169,4.88893,76
4171,4.29662,2
4172,5.09295,1
4177,4.50285,19
4178,3.38961,1
4181,3.65158,6
4182,4.63697,43
4183,2.92001,3
4209,4.78803,30
4215,4.46866,18
4237,5.68246,367
4250,4.63252,46
4256,4.31039,1
4257,4.20135,6
4260,3.92929,1
4261,4.43553,6
4262,3.98232,1
4291,4.59522,37
4295,3.63702,2
4297,3.9695,1
4299,4.95319,3
4302,3.3398,2
4310,4.44868,4
4311,4.28606,3
4321,4.22287,1
4323,3.02258,1
4365,4.11978,3
4378,4.49283,5
4391,4.54421,1
4393,4.1647,1
4401,4.52218,53
4406,3.66982,2
4413,4.67428,2
4441,3.79924,1
4444,4.56557,27
4449,4.19072,5
4459,4.05567,103
4482,3.89605,1
4487,3.68055,11
4491,2.77894,2
4524,4.13014,1
4525,4.55862,1
4526,4.22303,4
4531,3.83419,3
4532,4.47372,1
4544,3.11946,3
4548,2.64267,1
4550,4.77645,167
4551,4.54101,1
4553,4.51548,7
4602,3.71894,2
4628,5.05524,62
4632,4.06601,1
4646,4.5038,106
4649,3.81582,1
4651,4.28197,77
4665,4.65212,17
4700,4.60505,2
4712,4.20793,17
4717,5.38431,329
4720,2.80212,1
4748,4.13927,1
4751,3.47456,1
4752,5.09324,265
4773,4.599,11
4787,4.14933,2
4790,4.84458,57
4794,4.27092,2
4795,4.25084,2
4803,4.15239,26
4809,4.39587,36
4831,4.07921,1
4833,3.23607,23
4854,4.85164,107
4867,2.6505,1
4870,4.9874,121
4871,4.36784,24
4873,3.80039,4
4877,5.12286,14
4881,4.17341,1
4884,4.16799,2
4903,4.12852,1
4905,4.2093,1
4923,4.74738,8
4926,4.33982,11
4934,4.72081,13
4940,4.64497,16
4942,4.48401,2
4950,4.73883,29
4952,5.10953,62
4976,5.2011,363
4978,3.98088,8
5012,5.55073,576
5023,4.5132,10
5037,4.48314,23
5040,4.63282,72
5041,2.89272,1
5042,4.82892,12
5043,3.74072,3
5046,4.91698,103
5050,2.84832,10
5052,4.58982,22
5061,5.14167,672
5080,3.20977,1
5085,4.46085,25
5099,2.94967,15
5105,3.86269,32
5109,4.85074,2
5128,4.03174,1
5145,4.58029,1
5147,3.67707,6
5153,4.59469,5
5155,5.26089,202
5173,4.94802,42
5175,4.30644,2
5184,3.93951,1
5201,4.48502,36
5204,4.52878,33
5210,3.98801,1
5225,4.41106,14
5236,4.87418,15
5263,5.09322,582
5279,3.35807,1
5280,3.96481,103
5285,4.33883,1
5290,4.78092,8
5293,4.08487,1
5294,3.83113,1
5296,4.10937,10
5297,4.18002,1
5303,3.4885,1
5305,4.31076,23
5317,4.66882,6
5328,5.08337,18
5334,3.12057,1
5335,3.61882,2
5343,4.20966,1
5349,4.84326,118
5352,4.03566,18
5364,4.41994,50
5373,3.23679,1
5376,4.2299,3
5388,2.62151,1
5389,4.14253,2
5394,4.24311,1
5408,5.07669,2
5410,4.11873,1
5428,3.50593,1
5436,4.9845,177
5439,4.84009,39
5449,3.54609,41
5458,4.38261,2
5460,4.37704,23
5463,5.22307,67
5474,4.54225,6
5479,4.25924,2
5497,4.16884,37
5498,4.70083,31
5503,4.47887,2
5506,4.80419,3
5515,4.0203,1
5526,4.27942,2
5528,4.91787,33
5530,3.42324,5
5541,4.78322,5
5545,4.29759,5
5549,5.44648,1534
5552,5.33036,365
5556,3.70016,2
5563,4.80967,2
5570,3.7218,5
5571,4.03178,4
5579,4.16214,3
5591,4.74747,9
5599,4.74584,29
5601,4.14294,16
5607,6.08701,221
5609,3.17909,1
5611,4.79591,26
5623,4.94737,14
5629,3.66179,11
5640,3.80313,24
5645,2.98734,30
5657,4.22428,1
5671,4.24771,2
5675,5.01943,265
5681,4.87023,2
5702,4.43412,4
5703,2.78705,13
5710,5.14922,1001
5711,4.11026,1
5721,5.1805,49
5724,3.40635,2
5725,4.74891,2
5727,3.96016,14
5728,4.08987,10
5730,4.56023,4
5731,3.2617,1
5738,3.86879,1
5743,4.81318,110
5759,4.64301,8
5766,4.56845,15
5770,5.21745,199
5772,4.30089,39
5791,4.29919,2
5793,4.55585,196
5797,4.6801,1
5798,3.88612,3
5799,5.45588,382
5800,3.88309,6
5801,4.98912,146
5814,5.06973,105
5818,4.88899,10
5821,4.53736,9
5825,4.57551,79
5827,4.42785,9
5833,4.75569,52
5837,4.35448,18
5838,4.49986,4
5839,3.53243,4
5841,4.29254,9
5855,4.14813,2
5876,4.3266,1
5885,5.26466,22
5897,5.09848,188
5905,5.03435,27
5917,4.33357,5
5918,3.83892,1
5923,4.42698,1
5933,4.10813,37
5937,4.29209,16
5942,3.96205,45
5945,4.27556,3
5955,4.89532,40
5959,3.10514,1
5965,4.88688,51
5978,4.37363,1
5980,4.10113,3
5981,4.71505,4
5985,4.24142,58
5992,3.0258,1
5995,4.4991,11
6006,4.54727,28
6024,3.84276,10
6027,3.76488,19
6030,5.00905,46
6032,4.20558,1
6036,4.58674,17
6055,5.03509,231
6056,4.40158,5
6061,5.17818,133
6065,4.16755,13
6068,4.25676,3
6076,4.34046,60
6083,4.18734,1
6092,5.1601,429
6103,4.19298,1
6105,3.35728,2
6107,4.64731,27
6119,4.1837,1
6125,4.82073,17
6130,5.25789,485
6134,3.96872,2
6135,3.94423,9
6145,4.4891,37
6158,3.63776,3
6164,4.33542,31
6181,4.99915,2
6184,3.30736,1
6186,4.35261,10
6188,4.90331,125
6198,4.92412,12
6199,3.48518,1
6205,4.56112,1
6216,4.24923,10
6224,4.4664,1
6227,2.47855,1
6230,3.00628,2
6232,5.0574,117
6236,4.39214,4
6239,3.59859,1
6252,4.2816,2
6292,5.01392,444
6296,4.78228,12
6305,3.5285,1
6319,3.82176,7
6325,4.17646,1
6339,3.62958,1
6358,3.70622,1
6363,4.28244,4
6368,5.66563,5740
6375,4.51132,3
6380,3.83526,28
6386,2.6903,1
6387,4.21148,21
6400,4.59415,12
6401,4.72179,16
6404,4.77862,1
6411,4.15342,81
6423,4.45422,95
6431,3.2487,2
6453,3.45321,3
6464,4.35534,7
6466,4.99247,282
6469,4.08569,2
6470,5.12944,6
6473,4.56237,4
6477,4.45339,3
6483,4.27169,25
6501,4.46613,8
6505,4.81422,8
6513,6.22911,85
6522,4.07973,8
6524,4.58037,4
6527,4.20748,27
6528,4.71154,11
6555,3.70054,4
6556,5.21521,165
6578,4.96723,105
6581,4.34259,5
6588,4.73841,82
6589,4.195,6
6611,3.93184,3
6616,3.89524,3
6628,5.02024,22
6630,3.6876,5
6641,3.53133,39
6648,2.84234,1
6664,5.12515,547
6670,3.51169,9
6678,4.13279,1
6680,4.24752,10
6699,4.75133,2
6705,4.58538,2
6706,4.43999,2
6713,4.69535,26
6720,4.17136,13
6723,4.47601,16
6724,4.18473,3
6731,4.52223,1
6733,4.49769,1
6737,4.25551,4
6741,5.20285,214
6755,4.92971,86
6761,4.65778,15
6763,3.99897,6
6772,3.5774,14
6782,4.22382,1
6802,4.94578,52
6810,4.58113,4
6823,4.50781,7
6829,4.53851,4
6831,4.56447,2
6834,3.18382,14
6848,4.39427,7
6849,5.51321,84
6853,4.51761,15
6866,4.75732,89
6870,3.17543,6
6883,4.78045,153
6887,4.14631,23
6896,3.51678,1
6897,4.48476,156
6919,5.63319,129
6920,3.82907,17
6928,4.56084,29
6930,3.34569,99
6935,4.76978,60
6957,4.30771,8
6963,5.18313,155
6971,4.34249,1
6974,4.60613,5
6977,5.19199,38
6979,4.5414,16
6989,4.63393,295
6994,4.96692,37
6996,5.00058,72
7012,4.13621,14
7019,5.06125,14
7025,5.18297,39
7040,2.65295,1
7064,5.12384,133
7072,3.48012,13
7085,3.55629,147
7086,3.79013,1
7098,5.41041,1271
7119,4.20733,1
7121,3.48813,1
7126,2.95114,8
7132,4.91788,5
7152,5.18462,404
7166,4.29227,14
7181,3.8752,2
7182,4.71783,3
7184,4.6517,26
7186,4.50453,5
7188,4.39439,1
7212,5.2529,150
7213,4.71626,43
7231,3.24523,1
7232,4.81269,25
7234,4.11664,26
7247,4.55367,2
7255,3.50456,39
7258,4.72272,25
7280,5.18593,76
7291,4.25411,1
7298,4.35844,1
7300,5.19467,43
7308,4.10108,2
7309,3.31682,1
7310,4.65954,102
7319,4.2739,2
7339,5.62293,138
7341,4.67328,22
7350,4.7593,44
7351,3.82095,1
7352,4.82469,16
7363,3.76564,2
7368,3.83527,1
7371,4.84625,1
7377,4.83108,6
7379,3.25758,3
7382,4.90911,6
7383,4.06713,6
7388,3.88422,1
7398,3.10423,2
7404,4.63987,254
7422,4.46684,1
7428,3.82844,11
7429,4.79448,28
7435,4.93681,55
7437,6.14553,153
7450,4.45836,22
7454,5.32292,24
7465,5.06344,283
7485,4.25593,2
7496,4.51226,9
7502,4.64649,37
7513,4.58955,13
7538,4.91183,66
7541,3.51884,1
7554,3.86599,1
7558,6.1466,84
7595,4.97148,25
7598,5.18791,150
7607,4.03752,5
7613,4.7977,10
7636,4.02576,2
7639,5.00671,137
7641,4.53254,1
7645,4.73543,66
7657,4.78313,130
7665,3.32207,57
7677,4.74986,29
7679,4.55995,2
7680,2.91552,6
7681,4.27705,1
7693,4.17784,7
7694,4.48876,1
7696,4.72642,26
7699,5.14563,248
7715,3.81949,1
7717,3.99041,1
7723,4.6221,1
7724,4.75232,3
7749,3.80372,9
7751,4.21839,2
7755,4.58066,21
7757,4.0938,19
7765,4.59641,19
7774,2.93653,6
7780,5.15734,6
7781,4.7503,45
7782,4.45368,67
7801,3.96566,16
7809,4.5824,13
7816,4.35166,5
7817,4.35937,12
7818,4.39808,19
7824,3.94641,1
7827,4.00618,11
7829,3.29923,6
7833,3.84829,1
7834,4.99102,144
7842,4.69369,3
7875,3.07981,7
7885,4.50563,91
7892,4.3485,3
7911,3.88237,24
7912,5.0885,169
7945,4.09278,1
7946,3.41093,38
7963,4.94576,9
7969,4.45265,17
7978,4.04891,1
7985,4.53811,54
7999,5.0781,363
8005,4.38335,3
8011,4.12124,1
8012,4.28499,3
8013,4.10273,1
8042,4.55188,1
8048,4.10128,15
8049,5.03175,108
8051,4.32171,2
8052,4.54533,13
8055,3.31895,3
8056,4.63252,116
8061,4.59333,53
8069,4.69477,2
8075,5.17914,341
8083,4.9071,73
8085,3.01983,18
8102,4.61057,18
8105,3.2376,50
8108,4.52572,13
8109,4.45182,1
8116,4.42085,9
8119,4.67821,29
8120,4.31217,9
8125,4.31723,3
8131,4.07639,1
8135,5.33981,839
8142,3.74128,5
8150,4.23649,1
8157,4.25466,1
8167,4.43537,3
8176,4.20829,1
8189,4.16845,1
8197,3.77802,105
8207,5.03564,2
8213,4.90603,53
8228,4.61101,8
8229,6.11737,36
8235,5.25573,925
8237,4.38453,2
8243,3.69567,1
8251,3.54604,4
8261,4.20668,1
8265,4.58993,4
8280,3.64269,3
8281,5.01079,1
8293,3.96262,1
8295,4.9588,31
8296,4.00118,1
8313,4.58997,3
8325,4.36956,20
8328,4.7402,3
8334,3.40635,1
8356,4.57467,3
8357,4.14256,50
8370,5.0048,537
8382,5.115,210
8392,2.97578,1
8394,4.6924,9
8395,4.77087,97
8409,4.68646,27
8424,4.65893,49
8445,3.57791,1
8459,4.22529,7
8468,3.70751,2
8480,4.63218,34
8485,4.05455,2
8490,5.01758,17
8500,4.60261,14
8506,5.37094,553
8507,5.16399,257
8518,5.09941,1
8519,5.29816,83
8525,4.53424,20
8529,5.08135,213
8540,5.04257,83
8554,4.67139,1
8570,4.45489,1
8572,3.17248,1
8580,3.89483,2
8582,4.03504,9
8583,5.1658,559
8599,3.72273,2
8625,4.05764,62
8630,4.7905,187
8654,4.39274,2
8666,4.58992,36
8667,4.92168,4
8672,4.95773,39
8673,5.65736,5606
8676,5.26258,66
8683,2.82264,1
8726,4.70428,28
8735,4.29246,12
8753,4.70088,2
8771,4.12909,3
8772,3.45895,13
8775,5.21845,524
8785,4.57088,15
8786,5.36985,3135
8794,4.07247,1
8800,4.32085,15
8801,4.54027,27
8803,4.73683,3
8806,4.46774,2
8839,4.53022,11
8846,4.88791,14
8852,5.28551,35
8853,5.00914,51
8854,4.34929,26
8871,4.63672,2
8872,4.21616,2
8878,4.44948,4
8889,4.72511,1
8924,4.11095,2
8934,4.45044,1
8946,4.74533,9
8950,4.11767,4
8957,4.59241,4
8966,4.09244,2
8977,4.99144,109
8978,3.58362,10
8993,3.21432,45
8995,3.80633,118
9000,4.65126,2
9021,4.75265,65
9022,4.23484,1
9038,4.69011,1
9055,4.8798,1
9069,5.55379,30
9082,3.36746,1
9090,3.41053,1
9106,3.4188,1
9112,4.25721,43
9119,4.3418,3
9131,3.26624,2
9137,4.10681,1
9140,5.33084,678
9145,4.74171,34
9174,4.95922,100
9178,4.19081,5
9184,4.53724,2
9185,5.31502,639
9203,4.72417,27
9208,5.11643,205
9218,4.10608,3
9231,4.62335,16
9233,4.00823,8
9241,5.11336,428
9243,4.09694,4
9247,5.27481,201
9248,3.44781,3
9253,4.3521,128
9286,4.95273,82
9287,4.00859,1
9317,5.15642,138
9325,4.5323,9
9328,4.67998,183
9330,5.14398,1378
9386,3.66549,1
9389,3.96945,4
9399,4.53647,1
9403,4.47919,6
9420,3.50759,2
9430,3.17094,44
9436,4.29217,3
9439,4.24179,32
9451,4.81974,180
9468,3.86446,1
9471,4.24998,19
9476,4.30866,2
9477,4.56819,1
9481,3.98198,11
9489,4.57909,12
9500,4.69694,1
9502,3.79081,2
9507,4.44198,1
9510,5.19307,348
9517,4.29824,62
9528,5.07624,26
9533,5.3146,49
9539,3.92881,1
9550,5.36564,212
9555,4.88547,445
9557,3.3084,1
9562,5.34839,1875
9565,4.53484,21
9572,4.225,7
9575,4.39528,2
9580,3.69018,8
9587,3.51118,1
9607,4.71854,65
9610,4.56376,69
9614,4.4564,110
9625,4.5018,103
9636,4.71363,1
9637,4.28427,2
9639,4.66127,12
9650,5.19514,74
9670,5.24226,219
9671,4.45602,27
9689,4.56034,16
9697,2.99606,1
9698,2.99734,11
9716,4.46651,48
9720,3.96368,8
9732,4.72948,67
9746,3.68727,2
9756,4.52123,36
9764,4.61545,10
9769,2.85138,1
9778,4.91614,1
9804,5.25092,621
9816,4.0894,10
9817,4.42322,1
9828,4.30927,15
9831,3.22348,6
9835,5.03306,75
9836,3.37271,5
9847,5.00486,69
9852,4.319,3
9853,5.05725,1
9857,4.14339,30
9863,5.21161,96
9864,5.19936,436
9883,4.92008,48
9893,5.59233,4463
9894,4.19913,1
9901,4.88204,6
9921,4.76533,48
9922,4.25804,1
9941,4.33478,83
9945,4.22333,1
9948,5.45822,1154
9949,5.11201,246
9966,4.30665,17
9968,4.45391,58
9983,4.73142,28
9984,4.76795,39
9996,4.64539,93
10021,3.98291,7
10030,2.67087,1
10032,2.85275,1
10044,5.88886,3
10053,4.89704,1
10064,3.58305,2
10066,5.14862,512
10068,4.42036,1
10074,4.66915,1
10080,3.78375,2
10087,4.58918,30
10091,4.09607,2
10097,4.39163,1
10099,4.7031,4
10102,3.76735,1
10105,3.61021,1
10110,3.02333,1
10112,4.60363,10
10115,3.8193,1
10116,4.23511,1
10119,4.38119,14
10139,4.25056,1
10144,5.32605,87
10146,4.53169,8
10168,4.31795,15
10173,4.67021,53
10174,2.94209,1
10183,4.9821,132
10193,2.98029,2
10196,4.6161,1
10203,4.15213,1
10206,4.83368,548
10212,4.30165,9
10216,4.43277,8
10230,4.24206,18
10231,6.10958,159
10234,5.07775,10
10251,4.15885,2
10252,5.07438,81
10263,5.40044,1064
10265,4.69881,21
10279,4.90244,47
10281,3.19844,1
10289,4.31872,1
10300,4.14805,4
10302,4.49331,6
10305,4.29615,7
10312,4.88011,50
10314,5.43096,65
10316,5.41552,211
10322,3.57229,1
10331,3.83977,2
10335,5.03654,433
10338,4.91865,3
10342,4.7124,20
10343,3.59639,1
10345,5.01057,183
10356,3.41976,11
10369,5.1343,211
10371,4.56473,6
10376,3.3593,8
10377,3.57982,1
10381,4.08058,5
10386,4.97123,2
10395,4.02882,108
10403,4.89137,54
10418,3.54927,32
10424,4.86879,100
10435,3.01341,1
10439,4.5482,9
10450,3.61406,6
10459,4.76644,204
10474,3.8067,20
10475,4.51909,9
10493,4.62077,37
10509,5.94114,98
10526,4.2739,2
10527,3.72928,3
10536,4.36752,154
10544,3.68549,4
10559,4.7137,1
10578,4.46929,1
10580,5.15395,85
10586,3.25102,1
10588,3.24766,66
10594,4.85153,150
10596,3.32463,1
10599,3.98688,1
10614,5.12152,107
10616,2.98634,33
10628,4.01098,3
10634,4.5981,24
10638,3.51964,1
10653,4.24127,2
10654,3.71347,1
10656,3.75509,26
10666,4.87662,33
10667,5.07526,151
10677,4.24398,1
10683,4.70245,21
10692,3.99073,25
10695,4.83079,27
10730,4.31587,2
10731,3.235,1
10747,2.96182,11
10757,3.46311,2
10771,5.08515,87
10787,5.25689,148
10790,4.91645,37
10793,4.30925,11
10802,3.51518,3
10807,4.23267,12
10817,4.31486,27
10824,4.79962,238
10828,3.99619,1
10840,4.19403,3
10841,2.93459,1
10873,4.62781,7
10900,5.29156,48
10925,5.3979,1175
10928,4.57213,9
10930,4.33512,3
10935,4.12928,2
10937,4.8851,23
10938,2.83955,1
10942,3.79524,8
10950,5.10846,84
10963,4.56278,1
10976,3.40532,1
10977,4.61294,15
10983,4.63222,52
10985,4.90797,6
10987,4.01331,2
10994,5.29686,93
11003,3.03931,1
11006,5.36154,149
11020,3.91071,1
11022,4.61103,96
11031,4.08642,1
11069,4.13071,26
11088,4.34555,8
11099,4.14718,1
11123,4.54875,12
11124,4.41874,1
11125,4.15834,1
11126,3.47594,3
11133,4.43217,36
11139,4.63715,319
11143,4.42294,1
11159,4.73145,52
11161,4.68451,5
11166,4.42573,1
11169,4.00608,6
11175,4.10612,1
11187,3.91082,12
11189,3.88147,1
11191,3.55328,1
11212,2.88594,22
11214,3.5607,1
11216,4.66462,27
11228,4.27024,13
11240,4.69521,60
11241,3.89994,10
11251,4.43584,18
11252,2.79476,5
11253,4.56249,30
11258,3.16941,1
11275,5.07682,35
11312,3.31189,70
11316,3.13474,1
11322,5.33785,2201
11345,5.20443,55
11354,4.71952,37
11358,3.4557,1
11365,4.76442,70
11369,4.34689,40
11375,4.934,240
11379,4.94877,53
11390,4.64138,15
11394,4.15119,2
11406,5.28428,42
11443,4.43652,20
11449,4.66506,26
11465,4.43512,18
11471,4.75404,2819
11480,4.53073,3
11485,2.97783,15
11487,2.79491,6
11489,3.4537,1
11494,3.36378,22
11497,4.13432,83
11504,2.98434,1
11522,4.14874,42
11527,4.14294,1
11535,3.70787,1
11547,4.81578,54
11563,5.34482,260
11567,4.1285,1
11570,3.40141,35
11576,3.63542,2
11578,4.7966,1
11599,3.81186,1
11615,4.75058,2
11622,4.54526,2
11639,4.27403,19
11644,4.09147,1
11673,4.91608,61
11674,4.03181,6
11675,4.40211,2
11679,4.7148,2
11686,4.83315,5
11694,4.30393,5
11698,4.60128,4
11705,3.76842,36
11708,5.24277,527
11711,3.98253,2
11718,4.29987,7
11724,5.07796,274
11754,4.94208,21
11756,4.0486,13
11759,3.21865,1
11776,4.90732,1
11782,4.31731,3
11786,4.65499,91
11788,4.31763,2
11789,3.953,1
11803,2.93886,12
11806,4.88855,45
11809,4.39186,5
11816,2.14873,1
11819,4.88043,30
11821,4.04204,4
11824,4.45376,2
11825,4.35345,7
11828,4.6024,27
11840,4.6196,1
11843,5.18229,167
11850,4.09897,1
11863,3.91964,1
11866,4.39806,9
11882,2.92672,1
11904,4.46313,1
11918,4.51008,4
11925,3.1212,2
11927,4.53091,13
11932,3.69878,1
11934,4.58026,37
11953,4.46332,2
11954,4.40103,1
11955,3.91021,1
11979,5.15004,24
11981,3.45939,1
11992,4.57722,29
12015,4.76097,2
12025,4.39779,3
12026,4.5667,49
12033,5.34853,862
12054,3.71702,1
12055,6.15188,32
12058,5.08044,15
12075,4.36666,11
12083,4.96082,28
12102,3.91203,5
12103,2.98218,7
12106,5.14302,108
12113,3.30659,86
12119,4.75024,33
12121,4.40125,1
12140,3.47788,3
12150,4.02337,18
12156,2.36057,1
12162,4.46272,1
12167,3.03055,2
12170,2.78197,7
12173,4.60119,123
12180,2.61488,1
12181,3.88503,3
12192,4.0429,5
12210,4.35154,2
12215,3.51506,123
12228,5.39706,403
12239,4.78107,3
12244,3.41028,13
12247,4.54822,2
12276,3.98966,1
12292,3.31121,4
12294,4.5352,32
12308,5.81879,81
12317,5.3467,85
12331,4.49719,69
12335,5.0768,10
12345,4.18581,175
12358,4.30513,8
12362,4.46107,1
12371,3.6011,1
12379,2.9033,5
12382,4.90825,108
12386,5.08895,274
12412,3.62528,1
12414,4.76213,460
12427,4.91896,78
12429,3.78676,1
12435,4.74329,301
12441,3.03149,1
12464,3.43749,1
12494,4.51405,5
12495,4.62743,7
12510,4.26948,9
12511,4.30785,32
12532,4.93631,5
12540,4.20632,3
12544,4.1033,9
12545,3.00855,3
12551,5.36152,629
12555,4.75455,37
12572,4.69175,23
12608,3.58409,2
12612,4.62371,18
12613,4.07777,9
12623,5.09435,7
12626,4.2323,2
12630,5.0077,15
12634,3.89467,24
12641,3.06266,2
12642,3.51941,2
12646,4.25365,17
12647,4.26344,1
12653,3.30559,1
12660,4.91685,8
12675,2.99558,4
12677,4.06896,1
12680,4.22895,4
12681,4.95495,126
12687,4.03391,42
12693,3.94084,3
12694,3.72308,1
12696,5.27096,484
12703,3.40244,28
12704,3.44499,2
12712,4.28863,4
12727,3.4141,1
12744,3.29982,4
12756,4.97963,50
12761,4.46694,4
12767,4.44139,1
12770,4.18745,1
12772,3.23371,1
12787,4.02245,50
12792,3.26854,146
12794,4.75196,1
12795,4.23801,1
12809,3.23884,29
12814,4.33772,278
12823,4.09729,9
12843,4.81797,15
12847,3.17691,2
12850,4.9421,3
12863,4.27012,1
12866,4.15351,5
12875,3.67297,37
12876,5.28154,414
12884,4.44855,2
12885,4.90861,21
12887,3.71035,9
12894,4.92956,264
12896,4.92893,17
12906,4.82336,6
12914,3.2402,46
12931,3.94126,3
12935,5.20737,34
12939,4.78376,62
12949,3.6539,1
12950,2.82017,1
12958,4.28518,2
12962,3.23523,2
12969,4.30297,1
12974,4.26798,1
12977,3.48205,9
12986,4.21995,25
12991,4.38919,1
13007,3.71232,1
13009,4.51093,5
13014,3.88861,1
13016,4.51215,14
13020,4.1988,30
13027,4.88481,45
13029,5.37482,902
13044,3.80993,3
13048,5.09861,5
13056,3.6708,2
13058,4.10605,1
13072,3.53583,1
13075,3.48714,1
13091,3.11971,13
13099,4.52755,11
13103,2.83114,8
13106,4.8163,26
13108,3.83623,5
13113,4.67887,14
13130,4.3494,13
13133,4.36207,63
13143,4.57503,31
13153,3.99128,2
13155,4.88999,3
13170,4.80762,109
13172,3.01236,1
13180,4.70941,21
13195,2.96544,5
13208,6.03143,148
13217,4.5751,11
13221,3.13404,5
13224,4.441,37
13231,4.99077,88
13237,4.34635,1
13243,2.74498,1
13252,4.47841,23
13257,4.45386,20
13258,5.29541,140
13263,4.41623,12
13284,3.22799,1
13287,4.94126,1
13301,3.86212,16
13304,5.19566,214
13310,4.42252,3
13314,4.21761,1
13325,4.89451,339
13330,4.77851,43
13342,4.32016,1
13346,4.79304,3
13355,3.49047,4
13362,4.61726,9
13372,4.7364,27
13378,4.31722,13
13390,4.29011,497
13391,4.87744,33
13409,3.74075,1
13414,4.88985,22
13422,4.2994,1
13431,4.4188,30
13442,5.49067,103
13451,4.71035,24
13459,5.43526,538
13460,4.3143,2
13468,5.43868,521
13469,4.44483,3
13472,3.86854,1
13482,4.298,1
13485,4.20552,26
13486,4.70034,36
13489,4.22332,57
13495,3.79588,4
13503,4.18797,1
13508,4.91695,9
13510,4.32999,2
13511,3.71488,1
13524,4.63693,43
13525,4.48798,4
13528,3.28437,1
13554,5.17166,6
13558,5.05307,82
13573,4.30984,14
13586,4.29074,28
13591,4.03057,2
13594,4.17959,1
13604,4.90805,18
13606,3.70463,2
13608,4.48192,8
13621,4.24431,1
13627,4.63097,1
13633,4.32859,20
13650,4.12484,12
13664,3.45323,119
13670,4.58885,17
13679,3.87575,1
13694,4.30449,15
13695,4.1188,1
13696,4.7951,76
13707,4.50749,115
13738,4.06341,1
13741,4.16484,9
13754,4.86312,5
13758,3.74228,1
13765,4.27822,14
13784,4.45112,1
13788,4.52854,1
13789,3.54065,2
13795,3.25909,1
13802,4.72006,35
13807,5.27362,251
13812,5.19573,12
13829,4.60651,10
13839,3.98782,54
13852,4.60827,8
13865,4.5923,35
13866,5.58055,2177
13904,5.46181,66
13905,3.75389,3
13910,3.52828,1
13931,3.02743,1
13938,4.42139,4
13940,3.98661,2
13943,4.26996,1
13951,4.67563,3
13957,4.11492,16
13958,5.26804,12
13963,4.78283,18
13971,5.06075,16
13993,3.45229,1
13998,4.12778,3
14000,3.97747,37
14004,3.16013,2
14005,4.63843,6
14009,4.5983,2
14016,3.38494,6
14032,2.35226,3
14033,3.32848,112
14041,3.17915,3
14045,4.37445,41
14063,3.10707,2
14067,5.40306,588
14071,2.90136,1
14080,5.16337,40
14092,4.31737,9
14095,4.04157,13
14106,5.13294,398
14112,4.64866,2
14115,4.3855,16
14128,2.90001,3
14136,3.60993,1
14140,5.05038,1
14150,3.63927,4
14152,3.99844,1
14165,3.909,2
14176,3.87006,1
14220,3.2649,13
14225,4.79003,138
14227,4.21847,1
14229,4.20663,28
14235,3.61214,1
14257,4.09675,141
14261,4.43488,4
14274,5.11169,103
14277,3.5638,4
14280,4.6108,1
14303,3.63615,8
14307,4.226,2
14314,4.48621,5
14321,4.58742,14
14322,4.0738,32
14324,4.31238,92
14331,4.34141,3
14337,4.2774,4
14348,5.05812,20
14356,6.08362,150
14375,4.52525,15
14377,4.16385,13
14408,4.33784,73
14412,4.8072,66
14413,2.80896,1
14414,4.69155,4
14417,3.18231,93
14436,4.93875,125
14438,4.08048,84
14442,5.03062,20
14456,4.56862,6
14458,4.35874,7
14466,3.51277,6
14482,4.99715,115
14486,4.22044,3
14506,4.64274,13
14509,4.69738,146
14517,4.72794,33
14523,4.15877,72
14528,5.20158,228
14537,3.07299,1
14543,5.0046,2
14549,4.62003,14
14563,4.88141,46
14570,4.63066,1
14576,5.20705,80
14583,4.97936,203
14598,5.24577,1
14599,4.41096,5
14605,4.60687,41
14606,5.2167,153
14641,3.71466,1
14654,4.92297,183
14657,2.97722,1
14669,4.4356,6
14673,4.80404,139
14678,5.1947,138
14679,4.27777,78
14712,4.53084,29
14720,4.48051,10
14725,5.17629,34
14730,4.76546,1
14732,5.16566,368
14734,3.51604,2
14749,3.71821,12
14750,4.22504,1
14752,3.29948,3
14759,4.5328,4
14764,4.57164,74
14773,4.10317,15
14776,5.30817,727
14777,3.18205,2
14789,4.79735,2
14791,4.74429,87
14793,3.59051,1
14803,3.44468,1
14814,4.27314,1
14815,4.10569,1
14819,3.9731,6
14832,3.73552,11
14834,4.19077,19
14837,3.84949,28
14854,3.88077,2
14859,4.13244,2
14861,4.8896,15
14865,4.61453,1
14877,4.44591,7
14878,4.46632,13
14890,3.21345,9
14893,4.62489,60
14894,5.15484,99
14898,4.49452,14
14914,2.73513,1
14915,3.97112,1
14922,3.21918,50
14925,4.99665,40
14929,5.09384,121
14940,4.85403,39
14948,4.71395,18
14951,5.05268,497
14955,4.17122,6
14962,4.91903,423
14964,5.32498,249
14967,4.13953,22
14971,4.89949,641
14974,4.14961,104
14980,3.97691,1
14982,4.64595,14
14985,4.7419,47
15006,4.86902,2
15013,4.04053,3
15017,4.56118,55
15030,4.27467,1
15031,3.1427,47
15033,5.25021,203
15049,4.42429,1
15053,4.59013,11
15057,5.85844,3383
15066,4.33938,4
15067,5.19251,3
15078,4.74697,1
15107,4.52383,65
15108,4.63345,1
15118,3.95475,10
15120,4.70113,30
15129,4.36188,2
15137,4.20555,1
15167,3.33529,1
15175,3.10015,12
15177,5.00571,21
15195,4.79867,105
15211,5.19026,155
15216,3.88241,1
15220,4.83232,93
15253,4.89894,1
15260,4.32702,3
15269,4.69194,28
15277,4.53476,1
15278,5.15226,28
15283,4.16731,82
15298,3.95487,2
15300,4.41333,3
15304,3.93091,67
15306,3.43168,1
15323,4.28599,3
15324,2.82852,1
15325,3.98893,1
15340,4.61833,44
15363,3.55424,2
15364,3.94537,1
15367,5.302,200
15378,4.81666,65
15379,4.61238,17
15380,4.80349,120
15381,4.37974,17
15391,4.32225,2
15400,5.09304,8
15406,4.58025,11
15414,4.1609,1
15417,4.92974,47
15421,4.79926,63
15425,5.01165,239
15430,4.17623,2
15440,3.90633,16
15441,3.784,1
15442,4.11473,1
15450,5.20882,276
15468,4.24836,1
15490,4.16659,1
15500,5.20055,277
15528,5.63075,4013
15536,3.88939,5
15538,4.47037,9
15539,4.24437,1
15543,4.76263,130
15544,4.26297,2
15545,4.65301,44
15549,3.23642,1
15573,3.20616,4
15576,3.71936,1
15579,5.69508,10
15580,5.07093,22
15581,4.25802,8
15582,4.47203,1
15586,3.59593,1
15595,4.80234,1
15604,4.18557,31
15609,2.96865,1
15615,3.9224,1
15618,4.24714,10
15621,4.30179,2
15624,4.81906,8
15630,2.91379,5
15639,4.47328,37
15645,4.01151,7
15657,5.16325,9
15658,5.14998,10
15660,4.7266,78
15663,4.47489,10
15664,4.06467,7
15673,4.02259,1
15688,4.49017,36
15702,4.35756,11
15714,4.6584,2
15729,4.20258,1
15732,4.32459,2
15736,5.10327,4
15760,4.77214,27
15761,4.13853,15
15770,4.34512,14
15788,3.09742,3
15789,5.74451,249
15797,4.02631,1
15802,3.44519,52
15809,5.03372,31
15813,3.27479,2
15814,2.22577,2
15835,5.08331,48
15837,4.7988,2
15841,3.51524,1
15844,4.25846,2
15851,4.2008,10
15864,4.78756,1
15866,4.80827,9
15894,4.0626,2
15898,2.938,1
15904,4.62025,7
15911,3.77962,2
15919,4.70198,11
15924,2.75632,1
15955,5.013,106
15960,2.72468,1
15962,4.08047,22
15964,4.69474,28
15968,5.22621,2451
15971,5.09486,18
15973,3.66804,1
15975,3.28289,38
15984,4.40756,162
15985,3.92681,1
15996,4.50862,1
16000,4.04661,3
16005,5.02803,152
16033,4.07555,3
16036,4.82647,62
16040,4.49369,52
16061,4.09581,1
16069,4.62194,17
16071,4.89934,39
16075,4.35701,3
16077,4.27873,5
16083,4.92563,1
16096,3.11163,2
16111,3.8956,6
16112,4.50462,19
16118,3.89646,2
16136,4.81166,150
16143,4.13593,34
16148,4.106,1
16150,4.22872,1
16162,3.56053,1
16165,3.95596,12
16166,2.84036,1
16174,4.25061,1
16177,4.58535,41
16178,3.44312,1
16193,5.3555,123
16195,4.34314,130
16210,5.09817,58
16220,4.30482,28
16223,4.4541,1
16227,3.92333,8
16229,3.65894,86
16233,4.23856,4
16240,5.42686,337
16243,3.33128,53
16245,4.79244,36
16247,4.21474,1
16251,3.88469,1
16253,4.25741,30
16260,5.26341,68
16277,4.56285,1
16313,3.78877,1
16322,3.9249,1
16340,4.94394,20
16341,3.77464,1
16353,4.33309,1
16354,4.21547,1
16362,4.4865,9
16365,5.60918,4612
16371,5.21969,130
16381,5.0864,2
16395,4.59302,9
16401,5.00626,203
16408,3.13336,2
16435,4.67547,9
16437,4.27414,1
16457,5.34134,282
16470,4.73647,102
16476,4.70865,231
16493,4.55792,32
16495,4.45833,1
16498,4.61539,29
16511,4.74387,175
16525,3.74186,6
16531,4.97399,109
16536,3.44854,1
16555,3.67225,3
16558,4.60669,21
16575,4.56274,3
16587,4.14243,1
16609,3.55869,1
16615,3.76883,1
16625,4.77671,9
16634,3.79069,12
16657,2.4556,1
16663,4.52726,8
16664,5.17554,24
16671,4.33293,1
16674,3.11167,1
16684,5.64549,68
16691,4.75142,1
16702,4.83153,2
16706,3.57448,2
16718,2.82847,1
16720,4.32881,62
16722,4.71894,37
16725,3.90785,2
16731,5.16851,29
16748,5.03379,6
16749,4.62932,19
16765,5.51904,813
16766,4.80301,6
16773,4.56894,7
16782,4.6833,1
16803,3.95783,1
16805,4.64292,4
16811,5.13199,38
16812,4.43839,5
16813,4.68113,15
16819,4.97768,10
16823,2.7004,1
16827,4.52448,38
16832,3.29824,2
16853,4.57067,56
16869,3.54553,3
16870,5.20931,475
16874,4.76626,57
16879,4.88945,26
16880,3.15002,1
16890,3.1397,4
16901,5.2607,223
16909,5.06302,15
16911,5.23069,179
16914,4.85006,3
16920,4.78055,44
16921,3.21133,1
16926,3.42164,8
16932,5.25134,16
16933,3.71375,1
16937,4.51968,3
16938,4.47487,4
16939,4.60181,2
16950,4.16791,3
16956,5.42128,40
16957,4.66331,81
16963,4.13739,1
16974,4.97415,893
16983,3.31936,1
16986,4.55446,1
16988,2.92817,1
16992,2.84325,15
17002,4.58166,45
17003,3.70165,2
17013,4.40099,31
17029,3.67611,29
17030,4.47575,11
17033,3.72965,28
17045,4.3288,1
17047,4.44682,1
17053,4.31703,1
17054,4.27852,2
17084,4.81906,1
17088,3.59625,4
17089,4.44068,7
17104,3.35127,1
17123,5.06395,14
17125,3.96537,5
17128,5.31252,60
17133,4.02308,35
17136,2.68232,2
17143,4.63506,106
17153,3.75337,1
17155,3.38693,5
17175,5.18109,201
17176,4.27235,3
17178,5.27708,126
17182,3.90195,1
17185,4.22851,10
17190,4.052,1
17191,4.72858,64
17214,5.38156,731
17215,4.20535,2
17219,5.12697,27
17225,4.32539,1
17226,4.88794,2
17229,5.22331,5
17249,4.35952,2
17263,4.46039,7
17265,4.42183,55
17267,3.57573,1
17272,4.35241,1
17273,4.48124,71
17284,4.42592,9
17297,4.79984,67
17310,4.19831,6
17311,4.34119,1
17314,4.56391,11
17318,4.55746,3
17323,3.39265,2
17326,4.34457,2
17329,5.19467,346
17338,4.47929,9
17341,4.8178,250
17348,4.97187,41
17352,4.87173,17
17356,4.96123,67
17360,5.15352,267
17372,4.22679,11
17374,5.16017,15
17376,4.73583,85
17378,4.28789,1
17380,4.41159,47
17381,4.67542,1
17399,4.26513,8
17411,5.67616,294
17421,4.54104,6
17440,4.0595,9
17457,3.657,1
17468,3.76541,9
17474,4.12485,6
17479,2.53295,1
17480,5.28127,308
17496,4.43786,24
17503,4.04915,9
17526,4.61924,5
17533,4.57806,1
17536,3.96251,1
17552,4.3673,3
17579,3.58675,1
17587,5.08184,46
17613,3.72718,20
17619,5.51338,987
17627,4.49439,13
17630,4.41175,3
17637,3.53948,2
17638,5.13169,50
17646,4.67095,11
17654,4.42508,1
17664,4.33424,33
17671,4.15603,1
17691,3.93376,7
17692,5.07808,516
17695,4.59445,578
17702,4.19144,13
17704,2.79101,13
17708,4.92227,33
17715,5.30122,1385
17727,4.58712,1
17730,4.38175,83
17735,4.80043,91
17739,4.78974,641
17752,4.27521,10
17753,4.00758,6
17759,4.46195,6
17761,3.21203,1
17763,3.96695,7
17769,4.46907,4
