,Indegree,num,,,,
0,0,2104669,,,,Indegree
1,1,76471,,,count,2340373
2,2,28367,,,mean,20
3,3,16413,,,std,623.3
4,4,10899,,,min,0
5,5,7949,,,25%,0
6,6,6217,,,50%,0
7,7,5043,,,75%,0
8,8,4106,,,max,1924450
9,9,3621,,,,
10,10,3072,,,,
11,11,2723,,,,
12,12,2415,,,,
13,13,2131,,,,
14,14,1945,,,,
15,15,1693,,,,
16,16,1576,,,,
17,17,1462,,,,
18,18,1354,,,,
19,19,1230,,,,
20,20,1171,,,,
21,21,1155,,,,
22,22,1020,,,,
23,23,987,,,,
24,24,954,,,,
25,25,885,,,,
26,26,802,,,,
27,27,775,,,,
28,28,770,,,,
29,29,722,,,,
30,30,691,,,,
31,31,622,,,,
32,32,618,,,,
33,33,550,,,,
34,34,562,,,,
35,35,480,,,,
36,36,491,,,,
37,37,498,,,,
38,38,513,,,,
39,39,445,,,,
40,40,476,,,,
41,41,444,,,,
42,42,419,,,,
43,43,426,,,,
44,44,368,,,,
45,45,365,,,,
46,46,345,,,,
47,47,373,,,,
48,48,313,,,,
49,49,312,,,,
50,50,326,,,,
51,51,343,,,,
52,52,328,,,,
53,53,321,,,,
54,54,327,,,,
55,55,303,,,,
56,56,255,,,,
57,57,271,,,,
58,58,281,,,,
59,59,261,,,,
60,60,263,,,,
61,61,274,,,,
62,62,222,,,,
63,63,243,,,,
64,64,215,,,,
65,65,262,,,,
66,66,244,,,,
67,67,250,,,,
68,68,201,,,,
69,69,222,,,,
70,70,235,,,,
71,71,232,,,,
72,72,189,,,,
73,73,207,,,,
74,74,206,,,,
75,75,187,,,,
76,76,198,,,,
77,77,166,,,,
78,78,179,,,,
79,79,174,,,,
80,80,185,,,,
81,81,159,,,,
82,82,188,,,,
83,83,168,,,,
84,84,165,,,,
85,85,173,,,,
86,86,153,,,,
87,87,149,,,,
88,88,143,,,,
89,89,155,,,,
90,90,147,,,,
91,91,153,,,,
92,92,143,,,,
93,93,126,,,,
94,94,143,,,,
95,95,113,,,,
96,96,126,,,,
97,97,119,,,,
98,98,139,,,,
99,99,124,,,,
100,100,131,,,,
101,101,134,,,,
102,102,105,,,,
103,103,134,,,,
104,104,130,,,,
105,105,126,,,,
106,106,113,,,,
107,107,115,,,,
108,108,114,,,,
109,109,114,,,,
110,110,94,,,,
111,111,106,,,,
112,112,128,,,,
113,113,97,,,,
114,114,124,,,,
115,115,122,,,,
116,116,111,,,,
117,117,116,,,,
118,118,102,,,,
119,119,123,,,,
120,120,111,,,,
121,121,74,,,,
122,122,101,,,,
123,123,94,,,,
124,124,112,,,,
125,125,85,,,,
126,126,100,,,,
127,127,96,,,,
128,128,86,,,,
129,129,86,,,,
130,130,94,,,,
131,131,92,,,,
132,132,89,,,,
133,133,83,,,,
134,134,95,,,,
135,135,94,,,,
136,136,92,,,,
137,137,80,,,,
138,138,99,,,,
139,139,85,,,,
140,140,81,,,,
141,141,81,,,,
142,142,88,,,,
143,143,84,,,,
144,144,91,,,,
145,145,97,,,,
146,146,80,,,,
147,147,78,,,,
148,148,65,,,,
149,149,77,,,,
150,150,77,,,,
151,151,71,,,,
152,152,79,,,,
153,153,76,,,,
154,154,66,,,,
155,155,60,,,,
156,156,52,,,,
157,157,75,,,,
158,158,71,,,,
159,159,71,,,,
160,160,90,,,,
161,161,69,,,,
162,162,64,,,,
163,163,74,,,,
164,164,74,,,,
165,165,69,,,,
166,166,66,,,,
167,167,65,,,,
168,168,61,,,,
169,169,79,,,,
170,170,56,,,,
171,171,44,,,,
172,172,64,,,,
173,173,65,,,,
174,174,54,,,,
175,175,54,,,,
176,176,51,,,,
177,177,56,,,,
178,178,68,,,,
179,179,61,,,,
180,180,59,,,,
181,181,51,,,,
182,182,56,,,,
183,183,68,,,,
184,184,60,,,,
185,185,56,,,,
186,186,55,,,,
187,187,57,,,,
188,188,55,,,,
189,189,67,,,,
190,190,69,,,,
191,191,53,,,,
192,192,46,,,,
193,193,53,,,,
194,194,44,,,,
195,195,54,,,,
196,196,56,,,,
197,197,42,,,,
198,198,57,,,,
199,199,53,,,,
200,200,60,,,,
201,201,43,,,,
202,202,54,,,,
203,203,56,,,,
204,204,47,,,,
205,205,45,,,,
206,206,61,,,,
207,207,39,,,,
208,208,50,,,,
209,209,42,,,,
210,210,53,,,,
211,211,53,,,,
212,212,48,,,,
213,213,44,,,,
214,214,47,,,,
215,215,52,,,,
216,216,46,,,,
217,217,50,,,,
218,218,41,,,,
219,219,45,,,,
220,220,46,,,,
221,221,42,,,,
222,222,54,,,,
223,223,46,,,,
224,224,53,,,,
225,225,48,,,,
226,226,47,,,,
227,227,47,,,,
228,228,37,,,,
229,229,50,,,,
230,230,40,,,,
231,231,43,,,,
232,232,44,,,,
233,233,45,,,,
234,234,43,,,,
235,235,50,,,,
236,236,37,,,,
237,237,42,,,,
238,238,37,,,,
239,239,37,,,,
240,240,44,,,,
241,241,44,,,,
242,242,47,,,,
243,243,37,,,,
244,244,29,,,,
245,245,42,,,,
246,246,44,,,,
247,247,46,,,,
248,248,44,,,,
249,249,26,,,,
250,250,32,,,,
251,251,48,,,,
252,252,37,,,,
253,253,37,,,,
254,254,26,,,,
255,255,38,,,,
256,256,34,,,,
257,257,41,,,,
258,258,39,,,,
259,259,41,,,,
260,260,28,,,,
261,261,34,,,,
262,262,44,,,,
263,263,24,,,,
264,264,38,,,,
265,265,37,,,,
266,266,37,,,,
267,267,32,,,,
268,268,34,,,,
269,269,38,,,,
270,270,37,,,,
271,271,39,,,,
272,272,32,,,,
273,273,27,,,,
274,274,52,,,,
275,275,27,,,,
276,276,38,,,,
277,277,37,,,,
278,278,29,,,,
279,279,31,,,,
280,280,42,,,,
281,281,31,,,,
282,282,48,,,,
283,283,28,,,,
284,284,35,,,,
285,285,36,,,,
286,286,30,,,,
287,287,28,,,,
288,288,29,,,,
289,289,20,,,,
290,290,30,,,,
291,291,26,,,,
292,292,33,,,,
293,293,31,,,,
294,294,36,,,,
295,295,25,,,,
296,296,30,,,,
297,297,23,,,,
298,298,27,,,,
299,299,39,,,,
300,300,35,,,,
301,301,35,,,,
302,302,34,,,,
303,303,33,,,,
304,304,37,,,,
305,305,32,,,,
306,306,22,,,,
307,307,26,,,,
308,308,33,,,,
309,309,34,,,,
310,310,37,,,,
311,311,26,,,,
312,312,30,,,,
313,313,31,,,,
314,314,29,,,,
315,315,24,,,,
316,316,28,,,,
317,317,33,,,,
318,318,22,,,,
319,319,28,,,,
320,320,26,,,,
321,321,38,,,,
322,322,30,,,,
323,323,31,,,,
324,324,19,,,,
325,325,34,,,,
326,326,28,,,,
327,327,32,,,,
328,328,28,,,,
329,329,27,,,,
330,330,25,,,,
331,331,37,,,,
332,332,21,,,,
333,333,27,,,,
334,334,23,,,,
335,335,32,,,,
336,336,26,,,,
337,337,16,,,,
338,338,23,,,,
339,339,24,,,,
340,340,21,,,,
341,341,30,,,,
342,342,26,,,,
343,343,25,,,,
344,344,28,,,,
345,345,23,,,,
346,346,22,,,,
347,347,27,,,,
348,348,24,,,,
349,349,23,,,,
350,350,29,,,,
351,351,28,,,,
352,352,25,,,,
353,353,19,,,,
354,354,31,,,,
355,355,20,,,,
356,356,25,,,,
357,357,26,,,,
358,358,19,,,,
359,359,20,,,,
360,360,30,,,,
361,361,30,,,,
362,362,26,,,,
363,363,24,,,,
364,364,19,,,,
365,365,22,,,,
366,366,33,,,,
367,367,20,,,,
368,368,23,,,,
369,369,13,,,,
370,370,21,,,,
371,371,25,,,,
372,372,19,,,,
373,373,19,,,,
374,374,26,,,,
375,375,30,,,,
376,376,23,,,,
377,377,26,,,,
378,378,21,,,,
379,379,17,,,,
380,380,22,,,,
381,381,17,,,,
382,382,27,,,,
383,383,23,,,,
384,384,17,,,,
385,385,18,,,,
386,386,29,,,,
387,387,25,,,,
388,388,22,,,,
389,389,18,,,,
390,390,20,,,,
391,391,22,,,,
392,392,31,,,,
393,393,21,,,,
394,394,19,,,,
395,395,18,,,,
396,396,19,,,,
397,397,23,,,,
398,398,19,,,,
399,399,28,,,,
400,400,17,,,,
401,401,18,,,,
402,402,21,,,,
403,403,25,,,,
404,404,21,,,,
405,405,25,,,,
406,406,22,,,,
407,407,21,,,,
408,408,20,,,,
409,409,21,,,,
410,410,18,,,,
411,411,19,,,,
412,412,14,,,,
413,413,20,,,,
414,414,23,,,,
415,415,16,,,,
416,416,14,,,,
417,417,24,,,,
418,418,12,,,,
419,419,22,,,,
420,420,24,,,,
421,421,28,,,,
422,422,24,,,,
423,423,22,,,,
424,424,22,,,,
425,425,21,,,,
426,426,15,,,,
427,427,19,,,,
428,428,20,,,,
429,429,22,,,,
430,430,15,,,,
431,431,15,,,,
432,432,23,,,,
433,433,17,,,,
434,434,17,,,,
435,435,21,,,,
436,436,20,,,,
437,437,20,,,,
438,438,22,,,,
439,439,23,,,,
440,440,14,,,,
441,441,19,,,,
442,442,24,,,,
443,443,20,,,,
444,444,20,,,,
445,445,18,,,,
446,446,21,,,,
447,447,22,,,,
448,448,20,,,,
449,449,16,,,,
450,450,14,,,,
451,451,16,,,,
452,452,12,,,,
453,453,12,,,,
454,454,21,,,,
455,455,19,,,,
456,456,22,,,,
457,457,10,,,,
458,458,11,,,,
459,459,18,,,,
460,460,16,,,,
461,461,12,,,,
462,462,13,,,,
463,463,12,,,,
464,464,23,,,,
465,465,11,,,,
466,466,13,,,,
467,467,18,,,,
468,468,14,,,,
469,469,13,,,,
470,470,17,,,,
471,471,14,,,,
472,472,16,,,,
473,473,16,,,,
474,474,18,,,,
475,475,21,,,,
476,476,16,,,,
477,477,17,,,,
478,478,16,,,,
479,479,12,,,,
480,480,14,,,,
481,481,9,,,,
482,482,16,,,,
483,483,19,,,,
484,484,12,,,,
485,485,15,,,,
486,486,18,,,,
487,487,14,,,,
488,488,20,,,,
489,489,16,,,,
490,490,13,,,,
491,491,20,,,,
492,492,12,,,,
493,493,12,,,,
494,494,14,,,,
495,495,9,,,,
496,496,18,,,,
497,497,11,,,,
498,498,15,,,,
499,499,14,,,,
500,500,11,,,,
501,501,20,,,,
502,502,10,,,,
503,503,12,,,,
504,504,17,,,,
505,505,18,,,,
506,506,18,,,,
507,507,14,,,,
508,508,6,,,,
509,509,19,,,,
510,510,16,,,,
511,511,23,,,,
512,512,14,,,,
513,513,13,,,,
514,514,9,,,,
515,515,12,,,,
516,516,16,,,,
517,517,10,,,,
518,518,16,,,,
519,519,13,,,,
520,520,10,,,,
521,521,18,,,,
522,522,8,,,,
523,523,14,,,,
524,524,13,,,,
525,525,15,,,,
526,526,15,,,,
527,527,9,,,,
528,528,18,,,,
529,529,15,,,,
530,530,8,,,,
531,531,13,,,,
532,532,13,,,,
533,533,10,,,,
534,534,14,,,,
535,535,18,,,,
536,536,11,,,,
537,537,13,,,,
538,538,15,,,,
539,539,15,,,,
540,540,14,,,,
541,541,15,,,,
542,542,12,,,,
543,543,13,,,,
544,544,18,,,,
545,545,20,,,,
546,546,18,,,,
547,547,16,,,,
548,548,15,,,,
549,549,12,,,,
550,550,12,,,,
551,551,11,,,,
552,552,10,,,,
553,553,8,,,,
554,554,17,,,,
555,555,14,,,,
556,556,25,,,,
557,557,9,,,,
558,558,18,,,,
559,559,10,,,,
560,560,15,,,,
561,561,15,,,,
562,562,11,,,,
563,563,14,,,,
564,564,8,,,,
565,565,16,,,,
566,566,22,,,,
567,567,10,,,,
568,568,18,,,,
569,569,7,,,,
570,570,10,,,,
571,571,11,,,,
572,572,6,,,,
573,573,11,,,,
574,574,14,,,,
575,575,14,,,,
576,576,11,,,,
577,577,7,,,,
578,578,15,,,,
579,579,11,,,,
580,580,10,,,,
581,581,15,,,,
582,582,6,,,,
583,583,17,,,,
584,584,9,,,,
585,585,10,,,,
586,586,12,,,,
587,587,14,,,,
588,588,7,,,,
589,589,14,,,,
590,590,11,,,,
591,591,10,,,,
592,592,19,,,,
593,593,16,,,,
594,594,12,,,,
595,595,16,,,,
596,596,10,,,,
597,597,12,,,,
598,598,12,,,,
599,599,10,,,,
600,600,16,,,,
601,601,13,,,,
602,602,11,,,,
603,603,11,,,,
604,604,11,,,,
605,605,10,,,,
606,606,7,,,,
607,607,17,,,,
608,608,11,,,,
609,609,14,,,,
610,610,15,,,,
611,611,8,,,,
612,612,13,,,,
613,613,15,,,,
614,614,16,,,,
615,615,16,,,,
616,616,16,,,,
617,617,12,,,,
618,618,13,,,,
619,619,8,,,,
620,620,7,,,,
621,621,9,,,,
622,622,10,,,,
623,623,11,,,,
624,624,11,,,,
625,625,12,,,,
626,626,12,,,,
627,627,15,,,,
628,628,9,,,,
629,629,13,,,,
630,630,14,,,,
631,631,16,,,,
632,632,8,,,,
633,633,6,,,,
634,634,7,,,,
635,635,7,,,,
636,636,7,,,,
637,637,9,,,,
638,638,12,,,,
639,639,10,,,,
640,640,9,,,,
641,641,6,,,,
642,642,13,,,,
643,643,7,,,,
644,644,10,,,,
645,645,9,,,,
646,646,23,,,,
647,647,6,,,,
648,648,10,,,,
649,649,8,,,,
650,650,9,,,,
651,651,13,,,,
652,652,15,,,,
653,653,10,,,,
654,654,11,,,,
655,655,6,,,,
656,656,13,,,,
657,657,9,,,,
658,658,15,,,,
659,659,9,,,,
660,660,11,,,,
661,661,15,,,,
662,662,9,,,,
663,663,15,,,,
664,664,11,,,,
665,665,14,,,,
666,666,10,,,,
667,667,12,,,,
668,668,12,,,,
669,669,15,,,,
670,670,5,,,,
671,671,7,,,,
672,672,14,,,,
673,673,16,,,,
674,674,9,,,,
675,675,12,,,,
676,676,4,,,,
677,677,12,,,,
678,678,13,,,,
679,679,10,,,,
680,680,7,,,,
681,681,9,,,,
682,682,10,,,,
683,683,13,,,,
684,684,18,,,,
685,685,9,,,,
686,686,8,,,,
687,687,13,,,,
688,688,7,,,,
689,689,9,,,,
690,690,6,,,,
691,691,10,,,,
692,692,11,,,,
693,693,4,,,,
694,694,11,,,,
695,695,8,,,,
696,696,10,,,,
697,697,10,,,,
698,698,9,,,,
699,699,7,,,,
700,700,10,,,,
701,701,12,,,,
702,702,9,,,,
703,703,18,,,,
704,704,8,,,,
705,705,8,,,,
706,706,8,,,,
707,707,8,,,,
708,708,10,,,,
709,709,14,,,,
710,710,13,,,,
711,711,11,,,,
712,712,14,,,,
713,713,9,,,,
714,714,9,,,,
715,715,5,,,,
716,716,5,,,,
717,717,7,,,,
718,718,6,,,,
719,719,7,,,,
720,720,10,,,,
721,721,11,,,,
722,722,12,,,,
723,723,10,,,,
724,724,1,,,,
725,725,3,,,,
726,726,6,,,,
727,727,16,,,,
728,728,10,,,,
729,729,4,,,,
730,730,12,,,,
731,731,8,,,,
732,732,9,,,,
733,733,6,,,,
734,734,10,,,,
735,735,10,,,,
736,736,6,,,,
737,737,9,,,,
738,738,9,,,,
739,739,11,,,,
740,740,6,,,,
741,741,9,,,,
742,742,10,,,,
743,743,11,,,,
744,744,11,,,,
745,745,11,,,,
746,746,8,,,,
747,747,9,,,,
748,748,10,,,,
749,749,8,,,,
750,750,11,,,,
751,751,6,,,,
752,752,14,,,,
753,753,10,,,,
754,754,5,,,,
755,755,6,,,,
756,756,9,,,,
757,757,8,,,,
758,758,12,,,,
759,759,9,,,,
760,760,12,,,,
761,761,4,,,,
762,762,8,,,,
763,763,9,,,,
764,764,6,,,,
765,765,15,,,,
766,766,5,,,,
767,767,8,,,,
768,768,7,,,,
769,769,12,,,,
770,770,11,,,,
771,771,5,,,,
772,772,5,,,,
773,773,9,,,,
774,774,13,,,,
775,775,7,,,,
776,776,12,,,,
777,777,7,,,,
778,778,6,,,,
779,779,5,,,,
780,780,8,,,,
781,781,8,,,,
782,782,10,,,,
783,783,7,,,,
784,784,9,,,,
785,785,11,,,,
786,786,12,,,,
787,787,5,,,,
788,788,11,,,,
789,789,8,,,,
790,790,6,,,,
791,791,5,,,,
792,792,6,,,,
793,793,9,,,,
794,794,6,,,,
795,795,7,,,,
796,796,8,,,,
797,797,8,,,,
798,798,8,,,,
799,799,13,,,,
800,800,9,,,,
801,801,4,,,,
802,802,4,,,,
803,803,8,,,,
804,804,9,,,,
805,805,7,,,,
806,806,7,,,,
807,807,5,,,,
808,808,12,,,,
809,809,11,,,,
810,810,6,,,,
811,811,6,,,,
812,812,6,,,,
813,813,6,,,,
814,814,5,,,,
815,815,9,,,,
816,816,7,,,,
817,817,4,,,,
818,818,5,,,,
819,819,5,,,,
820,820,13,,,,
821,821,9,,,,
822,822,5,,,,
823,823,5,,,,
824,824,9,,,,
825,825,5,,,,
826,826,10,,,,
827,827,6,,,,
828,828,11,,,,
829,829,6,,,,
830,830,9,,,,
831,831,6,,,,
832,832,10,,,,
833,833,10,,,,
834,834,5,,,,
835,835,7,,,,
836,836,9,,,,
837,837,4,,,,
838,838,8,,,,
839,839,6,,,,
840,840,10,,,,
841,841,5,,,,
842,842,8,,,,
843,843,7,,,,
844,844,5,,,,
845,845,7,,,,
846,846,6,,,,
847,847,7,,,,
848,848,5,,,,
849,849,3,,,,
850,850,7,,,,
851,851,4,,,,
852,852,4,,,,
853,853,5,,,,
854,854,4,,,,
855,855,9,,,,
856,856,4,,,,
857,857,8,,,,
858,858,4,,,,
859,859,9,,,,
860,860,6,,,,
861,861,6,,,,
862,862,10,,,,
863,863,3,,,,
864,864,3,,,,
865,865,3,,,,
866,866,5,,,,
867,867,10,,,,
868,868,5,,,,
869,869,7,,,,
870,870,4,,,,
871,871,6,,,,
872,872,13,,,,
873,873,8,,,,
874,874,3,,,,
875,875,3,,,,
876,876,5,,,,
877,877,6,,,,
878,878,7,,,,
879,879,9,,,,
880,880,5,,,,
881,881,8,,,,
882,882,8,,,,
883,883,5,,,,
884,884,2,,,,
885,885,4,,,,
886,886,6,,,,
887,887,9,,,,
888,888,2,,,,
889,889,6,,,,
890,890,5,,,,
891,891,4,,,,
892,892,9,,,,
893,893,2,,,,
894,894,15,,,,
895,895,6,,,,
896,896,7,,,,
897,897,5,,,,
898,898,3,,,,
899,899,6,,,,
900,900,6,,,,
901,901,8,,,,
902,902,5,,,,
903,903,6,,,,
904,904,4,,,,
905,905,4,,,,
906,906,7,,,,
907,907,7,,,,
908,908,7,,,,
909,909,7,,,,
910,910,2,,,,
911,911,11,,,,
912,912,8,,,,
913,913,7,,,,
914,914,9,,,,
915,915,11,,,,
916,916,7,,,,
917,917,9,,,,
918,918,4,,,,
919,919,4,,,,
920,920,8,,,,
921,921,4,,,,
922,922,2,,,,
923,923,7,,,,
924,924,3,,,,
925,925,8,,,,
926,926,5,,,,
927,927,5,,,,
928,928,7,,,,
929,929,7,,,,
930,930,7,,,,
931,931,7,,,,
932,932,11,,,,
933,933,5,,,,
934,934,7,,,,
935,935,7,,,,
936,936,9,,,,
937,937,9,,,,
938,938,2,,,,
939,939,3,,,,
940,940,4,,,,
941,941,3,,,,
942,942,7,,,,
943,943,1,,,,
944,944,9,,,,
945,945,5,,,,
946,946,4,,,,
947,947,4,,,,
948,948,9,,,,
949,949,9,,,,
950,950,5,,,,
951,951,4,,,,
952,952,3,,,,
953,953,8,,,,
954,954,3,,,,
955,955,7,,,,
956,956,4,,,,
957,957,4,,,,
958,958,4,,,,
959,959,7,,,,
960,960,6,,,,
961,961,4,,,,
962,962,13,,,,
963,963,9,,,,
964,964,7,,,,
965,965,6,,,,
966,966,2,,,,
967,967,5,,,,
968,968,6,,,,
969,969,6,,,,
970,970,6,,,,
971,971,7,,,,
972,972,6,,,,
973,973,10,,,,
974,974,3,,,,
975,975,10,,,,
976,976,10,,,,
977,977,4,,,,
978,978,9,,,,
979,979,10,,,,
980,980,3,,,,
981,981,4,,,,
982,982,2,,,,
983,983,7,,,,
984,984,8,,,,
985,985,8,,,,
986,986,4,,,,
987,987,8,,,,
988,988,8,,,,
989,989,3,,,,
990,990,8,,,,
991,991,7,,,,
992,992,2,,,,
993,993,4,,,,
994,994,8,,,,
995,995,3,,,,
996,996,6,,,,
997,997,7,,,,
998,998,5,,,,
999,999,4,,,,
1000,1000,6,,,,
1001,1001,4,,,,
1002,1002,3,,,,
1003,1003,5,,,,
1004,1004,2,,,,
1005,1005,4,,,,
1006,1006,9,,,,
1007,1007,3,,,,
1008,1008,5,,,,
1009,1009,4,,,,
1010,1010,7,,,,
1011,1011,8,,,,
1012,1012,5,,,,
1013,1013,4,,,,
1014,1014,8,,,,
1015,1015,6,,,,
1016,1016,4,,,,
1017,1017,7,,,,
1018,1018,4,,,,
1019,1019,6,,,,
1020,1020,9,,,,
1021,1021,8,,,,
1022,1022,3,,,,
1023,1023,5,,,,
1024,1024,8,,,,
1025,1025,3,,,,
1026,1026,5,,,,
1027,1027,7,,,,
1028,1028,8,,,,
1029,1029,7,,,,
1030,1030,8,,,,
1031,1031,7,,,,
1032,1032,8,,,,
1033,1033,4,,,,
1034,1034,2,,,,
1035,1035,4,,,,
1036,1036,4,,,,
1037,1037,5,,,,
1038,1038,6,,,,
1039,1039,5,,,,
1040,1040,8,,,,
1041,1041,5,,,,
1042,1042,7,,,,
1043,1043,7,,,,
1044,1044,3,,,,
1045,1045,8,,,,
1046,1046,5,,,,
1047,1047,2,,,,
1048,1048,10,,,,
1049,1049,4,,,,
1050,1050,2,,,,
1051,1051,6,,,,
1052,1052,6,,,,
1053,1053,2,,,,
1054,1054,3,,,,
1055,1055,9,,,,
1056,1056,5,,,,
1057,1057,6,,,,
1058,1058,1,,,,
1059,1059,3,,,,
1060,1060,9,,,,
1061,1061,6,,,,
1062,1062,5,,,,
1063,1063,3,,,,
1064,1064,5,,,,
1065,1065,4,,,,
1066,1066,4,,,,
1067,1067,8,,,,
1068,1068,3,,,,
1069,1069,4,,,,
1070,1070,4,,,,
1071,1071,5,,,,
1072,1072,10,,,,
1073,1073,8,,,,
1074,1074,7,,,,
1075,1075,2,,,,
1076,1076,7,,,,
1077,1077,5,,,,
1078,1078,9,,,,
1079,1079,5,,,,
1080,1080,5,,,,
1081,1081,4,,,,
1082,1082,5,,,,
1083,1083,7,,,,
1084,1084,7,,,,
1085,1085,5,,,,
1086,1086,3,,,,
1087,1088,4,,,,
1088,1089,4,,,,
1089,1090,4,,,,
1090,1091,5,,,,
1091,1092,6,,,,
1092,1093,3,,,,
1093,1094,7,,,,
1094,1095,5,,,,
1095,1096,5,,,,
1096,1097,4,,,,
1097,1098,2,,,,
1098,1099,4,,,,
1099,1100,4,,,,
1100,1101,7,,,,
1101,1102,5,,,,
1102,1103,5,,,,
1103,1104,4,,,,
1104,1105,7,,,,
1105,1106,6,,,,
1106,1107,5,,,,
1107,1108,7,,,,
1108,1109,5,,,,
1109,1110,8,,,,
1110,1111,5,,,,
1111,1112,7,,,,
1112,1113,5,,,,
1113,1114,4,,,,
1114,1115,1,,,,
1115,1116,4,,,,
1116,1117,3,,,,
1117,1118,8,,,,
1118,1119,8,,,,
1119,1120,5,,,,
1120,1121,5,,,,
1121,1122,5,,,,
1122,1123,5,,,,
1123,1124,10,,,,
1124,1125,7,,,,
1125,1127,5,,,,
1126,1128,5,,,,
1127,1129,7,,,,
1128,1130,3,,,,
1129,1131,3,,,,
1130,1132,3,,,,
1131,1133,2,,,,
1132,1134,4,,,,
1133,1135,7,,,,
1134,1136,1,,,,
1135,1137,1,,,,
1136,1138,1,,,,
1137,1139,4,,,,
1138,1140,4,,,,
1139,1141,2,,,,
1140,1142,3,,,,
1141,1143,6,,,,
1142,1144,4,,,,
1143,1145,1,,,,
1144,1146,5,,,,
1145,1147,3,,,,
1146,1148,3,,,,
1147,1149,8,,,,
1148,1150,3,,,,
1149,1151,7,,,,
1150,1152,3,,,,
1151,1153,3,,,,
1152,1154,5,,,,
1153,1155,5,,,,
1154,1156,5,,,,
1155,1157,2,,,,
1156,1158,3,,,,
1157,1159,6,,,,
1158,1160,5,,,,
1159,1161,3,,,,
1160,1162,4,,,,
1161,1163,5,,,,
1162,1164,3,,,,
1163,1165,5,,,,
1164,1166,1,,,,
1165,1167,3,,,,
1166,1168,6,,,,
1167,1169,4,,,,
1168,1170,5,,,,
1169,1171,7,,,,
1170,1172,2,,,,
1171,1173,6,,,,
1172,1174,2,,,,
1173,1175,3,,,,
1174,1176,5,,,,
1175,1177,2,,,,
1176,1178,2,,,,
1177,1179,3,,,,
1178,1180,2,,,,
1179,1181,8,,,,
1180,1182,1,,,,
1181,1183,6,,,,
1182,1184,3,,,,
1183,1185,3,,,,
1184,1186,3,,,,
1185,1187,5,,,,
1186,1188,4,,,,
1187,1189,3,,,,
1188,1190,3,,,,
1189,1191,2,,,,
1190,1192,3,,,,
1191,1194,5,,,,
1192,1195,7,,,,
1193,1196,4,,,,
1194,1197,2,,,,
1195,1198,4,,,,
1196,1199,2,,,,
1197,1200,5,,,,
1198,1201,4,,,,
1199,1202,3,,,,
1200,1203,4,,,,
1201,1204,5,,,,
1202,1205,4,,,,
1203,1206,2,,,,
1204,1207,5,,,,
1205,1208,8,,,,
1206,1209,7,,,,
1207,1210,2,,,,
1208,1211,3,,,,
1209,1212,2,,,,
1210,1213,6,,,,
1211,1214,6,,,,
1212,1215,2,,,,
1213,1216,1,,,,
1214,1217,7,,,,
1215,1218,2,,,,
1216,1219,1,,,,
1217,1220,5,,,,
1218,1221,3,,,,
1219,1222,4,,,,
1220,1223,1,,,,
1221,1224,5,,,,
1222,1225,5,,,,
1223,1226,3,,,,
1224,1227,2,,,,
1225,1228,6,,,,
1226,1229,1,,,,
1227,1230,7,,,,
1228,1232,7,,,,
1229,1233,3,,,,
1230,1234,3,,,,
1231,1235,3,,,,
1232,1236,5,,,,
1233,1237,2,,,,
1234,1238,4,,,,
1235,1239,5,,,,
1236,1240,2,,,,
1237,1241,3,,,,
1238,1242,1,,,,
1239,1243,2,,,,
1240,1244,5,,,,
1241,1245,3,,,,
1242,1246,4,,,,
1243,1247,3,,,,
1244,1248,3,,,,
1245,1249,5,,,,
1246,1250,5,,,,
1247,1251,5,,,,
1248,1252,8,,,,
1249,1253,2,,,,
1250,1254,4,,,,
1251,1255,4,,,,
1252,1256,5,,,,
1253,1257,2,,,,
1254,1258,1,,,,
1255,1259,5,,,,
1256,1260,3,,,,
1257,1261,4,,,,
1258,1262,3,,,,
1259,1263,7,,,,
1260,1264,3,,,,
1261,1265,2,,,,
1262,1266,2,,,,
1263,1267,7,,,,
1264,1268,4,,,,
1265,1269,4,,,,
1266,1271,6,,,,
1267,1272,3,,,,
1268,1273,5,,,,
1269,1274,2,,,,
1270,1275,4,,,,
1271,1276,2,,,,
1272,1277,2,,,,
1273,1278,3,,,,
1274,1279,4,,,,
1275,1280,4,,,,
1276,1281,3,,,,
1277,1282,5,,,,
1278,1283,2,,,,
1279,1284,6,,,,
1280,1285,4,,,,
1281,1286,1,,,,
1282,1287,6,,,,
1283,1288,9,,,,
1284,1289,4,,,,
1285,1290,3,,,,
1286,1291,2,,,,
1287,1292,1,,,,
1288,1294,8,,,,
1289,1295,4,,,,
1290,1296,4,,,,
1291,1297,8,,,,
1292,1298,5,,,,
1293,1299,4,,,,
1294,1300,3,,,,
1295,1301,4,,,,
1296,1302,6,,,,
1297,1303,7,,,,
1298,1304,5,,,,
1299,1305,2,,,,
1300,1306,7,,,,
1301,1307,4,,,,
1302,1308,5,,,,
1303,1309,8,,,,
1304,1310,3,,,,
1305,1311,4,,,,
1306,1312,3,,,,
1307,1313,4,,,,
1308,1314,1,,,,
1309,1315,3,,,,
1310,1316,2,,,,
1311,1317,5,,,,
1312,1318,1,,,,
1313,1319,4,,,,
1314,1320,4,,,,
1315,1321,3,,,,
1316,1322,2,,,,
1317,1323,3,,,,
1318,1324,3,,,,
1319,1325,7,,,,
1320,1326,4,,,,
1321,1327,5,,,,
1322,1328,6,,,,
1323,1329,3,,,,
1324,1330,2,,,,
1325,1331,6,,,,
1326,1333,1,,,,
1327,1334,5,,,,
1328,1335,1,,,,
1329,1336,1,,,,
1330,1337,5,,,,
1331,1338,5,,,,
1332,1339,2,,,,
1333,1340,4,,,,
1334,1341,3,,,,
1335,1342,7,,,,
1336,1343,5,,,,
1337,1344,2,,,,
1338,1345,1,,,,
1339,1346,3,,,,
1340,1348,3,,,,
1341,1349,1,,,,
1342,1350,6,,,,
1343,1351,1,,,,
1344,1352,2,,,,
1345,1353,2,,,,
1346,1354,5,,,,
1347,1355,2,,,,
1348,1356,1,,,,
1349,1357,1,,,,
1350,1358,1,,,,
1351,1359,1,,,,
1352,1360,6,,,,
1353,1361,2,,,,
1354,1362,5,,,,
1355,1363,5,,,,
1356,1364,4,,,,
1357,1365,3,,,,
1358,1366,2,,,,
1359,1367,6,,,,
1360,1368,8,,,,
1361,1369,5,,,,
1362,1370,3,,,,
1363,1371,3,,,,
1364,1372,1,,,,
1365,1373,1,,,,
1366,1374,5,,,,
1367,1375,4,,,,
1368,1376,3,,,,
1369,1377,2,,,,
1370,1378,3,,,,
1371,1379,3,,,,
1372,1381,4,,,,
1373,1382,3,,,,
1374,1383,2,,,,
1375,1384,7,,,,
1376,1385,3,,,,
1377,1386,3,,,,
1378,1387,5,,,,
1379,1388,5,,,,
1380,1389,1,,,,
1381,1391,1,,,,
1382,1392,2,,,,
1383,1393,2,,,,
1384,1394,2,,,,
1385,1395,1,,,,
1386,1396,11,,,,
1387,1397,6,,,,
1388,1398,6,,,,
1389,1399,5,,,,
1390,1400,2,,,,
1391,1401,2,,,,
1392,1402,4,,,,
1393,1403,2,,,,
1394,1404,2,,,,
1395,1405,1,,,,
1396,1406,5,,,,
1397,1407,6,,,,
1398,1408,3,,,,
1399,1409,6,,,,
1400,1410,5,,,,
1401,1411,5,,,,
1402,1412,2,,,,
1403,1413,1,,,,
1404,1414,5,,,,
1405,1415,5,,,,
1406,1416,6,,,,
1407,1417,7,,,,
1408,1418,1,,,,
1409,1419,3,,,,
1410,1420,3,,,,
1411,1421,3,,,,
1412,1422,1,,,,
1413,1423,1,,,,
1414,1424,4,,,,
1415,1425,5,,,,
1416,1426,4,,,,
1417,1427,6,,,,
1418,1428,3,,,,
1419,1429,2,,,,
1420,1430,7,,,,
1421,1431,4,,,,
1422,1432,3,,,,
1423,1433,7,,,,
1424,1434,2,,,,
1425,1435,6,,,,
1426,1436,3,,,,
1427,1437,2,,,,
1428,1438,1,,,,
1429,1439,5,,,,
1430,1440,5,,,,
1431,1441,1,,,,
1432,1442,4,,,,
1433,1443,3,,,,
1434,1444,2,,,,
1435,1445,5,,,,
1436,1446,5,,,,
1437,1447,3,,,,
1438,1448,4,,,,
1439,1449,4,,,,
1440,1450,4,,,,
1441,1451,3,,,,
1442,1452,3,,,,
1443,1453,3,,,,
1444,1454,7,,,,
1445,1455,1,,,,
1446,1456,7,,,,
1447,1457,4,,,,
1448,1458,1,,,,
1449,1459,6,,,,
1450,1460,1,,,,
1451,1461,3,,,,
1452,1462,3,,,,
1453,1463,3,,,,
1454,1464,3,,,,
1455,1466,5,,,,
1456,1467,4,,,,
1457,1468,2,,,,
1458,1469,3,,,,
1459,1470,7,,,,
1460,1471,3,,,,
1461,1472,1,,,,
1462,1473,2,,,,
1463,1474,6,,,,
1464,1475,2,,,,
1465,1476,3,,,,
1466,1477,2,,,,
1467,1478,2,,,,
1468,1480,6,,,,
1469,1481,2,,,,
1470,1482,6,,,,
1471,1484,3,,,,
1472,1485,3,,,,
1473,1486,3,,,,
1474,1487,4,,,,
1475,1488,4,,,,
1476,1489,2,,,,
1477,1491,5,,,,
1478,1492,2,,,,
1479,1493,3,,,,
1480,1494,4,,,,
1481,1495,4,,,,
1482,1496,3,,,,
1483,1497,2,,,,
1484,1498,2,,,,
1485,1499,3,,,,
1486,1500,6,,,,
1487,1501,3,,,,
1488,1502,4,,,,
1489,1504,4,,,,
1490,1505,3,,,,
1491,1506,4,,,,
1492,1508,3,,,,
1493,1509,8,,,,
1494,1511,3,,,,
1495,1512,1,,,,
1496,1513,5,,,,
1497,1514,4,,,,
1498,1515,4,,,,
1499,1516,2,,,,
1500,1517,1,,,,
1501,1518,4,,,,
1502,1519,6,,,,
1503,1520,2,,,,
1504,1521,5,,,,
1505,1522,2,,,,
1506,1524,4,,,,
1507,1525,2,,,,
1508,1526,7,,,,
1509,1527,3,,,,
1510,1528,2,,,,
1511,1529,6,,,,
1512,1530,6,,,,
1513,1531,1,,,,
1514,1532,1,,,,
1515,1533,2,,,,
1516,1534,4,,,,
1517,1535,2,,,,
1518,1536,2,,,,
1519,1537,2,,,,
1520,1538,2,,,,
1521,1539,1,,,,
1522,1540,6,,,,
1523,1541,3,,,,
1524,1542,3,,,,
1525,1543,3,,,,
1526,1544,3,,,,
1527,1546,4,,,,
1528,1547,1,,,,
1529,1548,2,,,,
1530,1549,3,,,,
1531,1550,3,,,,
1532,1551,1,,,,
1533,1552,2,,,,
1534,1553,2,,,,
1535,1554,6,,,,
1536,1555,2,,,,
1537,1556,3,,,,
1538,1557,1,,,,
1539,1559,9,,,,
1540,1560,3,,,,
1541,1561,5,,,,
1542,1562,6,,,,
1543,1563,1,,,,
1544,1564,3,,,,
1545,1565,2,,,,
1546,1566,2,,,,
1547,1567,1,,,,
1548,1568,4,,,,
1549,1570,5,,,,
1550,1571,4,,,,
1551,1572,3,,,,
1552,1573,2,,,,
1553,1574,4,,,,
1554,1575,1,,,,
1555,1576,2,,,,
1556,1577,2,,,,
1557,1578,3,,,,
1558,1579,4,,,,
1559,1581,3,,,,
1560,1582,4,,,,
1561,1583,1,,,,
1562,1584,1,,,,
1563,1585,1,,,,
1564,1586,6,,,,
1565,1587,2,,,,
1566,1588,4,,,,
1567,1589,3,,,,
1568,1591,4,,,,
1569,1592,2,,,,
1570,1593,2,,,,
1571,1594,1,,,,
1572,1596,1,,,,
1573,1597,2,,,,
1574,1598,2,,,,
1575,1599,2,,,,
1576,1600,2,,,,
1577,1601,3,,,,
1578,1602,2,,,,
1579,1603,5,,,,
1580,1604,2,,,,
1581,1605,5,,,,
1582,1606,1,,,,
1583,1607,5,,,,
1584,1608,3,,,,
1585,1609,1,,,,
1586,1610,2,,,,
1587,1611,8,,,,
1588,1612,2,,,,
1589,1613,1,,,,
1590,1614,3,,,,
1591,1615,1,,,,
1592,1616,2,,,,
1593,1617,3,,,,
1594,1618,2,,,,
1595,1619,3,,,,
1596,1620,2,,,,
1597,1622,3,,,,
1598,1623,4,,,,
1599,1624,3,,,,
1600,1625,4,,,,
1601,1626,8,,,,
1602,1627,2,,,,
1603,1628,4,,,,
1604,1629,2,,,,
1605,1630,4,,,,
1606,1631,2,,,,
1607,1632,4,,,,
1608,1633,1,,,,
1609,1634,1,,,,
1610,1635,1,,,,
1611,1636,1,,,,
1612,1638,1,,,,
1613,1639,2,,,,
1614,1640,3,,,,
1615,1641,1,,,,
1616,1642,3,,,,
1617,1643,1,,,,
1618,1644,1,,,,
1619,1645,1,,,,
1620,1646,4,,,,
1621,1647,3,,,,
1622,1648,1,,,,
1623,1649,4,,,,
1624,1650,2,,,,
1625,1651,2,,,,
1626,1652,4,,,,
1627,1653,2,,,,
1628,1654,4,,,,
1629,1657,2,,,,
1630,1658,2,,,,
1631,1659,4,,,,
1632,1660,2,,,,
1633,1661,3,,,,
1634,1662,3,,,,
1635,1663,3,,,,
1636,1664,7,,,,
1637,1667,1,,,,
1638,1668,1,,,,
1639,1669,1,,,,
1640,1670,1,,,,
1641,1671,1,,,,
1642,1672,2,,,,
1643,1673,3,,,,
1644,1674,4,,,,
1645,1675,2,,,,
1646,1676,4,,,,
1647,1677,1,,,,
1648,1678,1,,,,
1649,1679,3,,,,
1650,1680,2,,,,
1651,1681,2,,,,
1652,1682,1,,,,
1653,1683,4,,,,
1654,1685,2,,,,
1655,1686,3,,,,
1656,1687,2,,,,
1657,1688,4,,,,
1658,1689,4,,,,
1659,1691,3,,,,
1660,1692,3,,,,
1661,1693,3,,,,
1662,1694,3,,,,
1663,1695,3,,,,
1664,1696,2,,,,
1665,1697,2,,,,
1666,1698,2,,,,
1667,1699,7,,,,
1668,1700,4,,,,
1669,1701,2,,,,
1670,1702,2,,,,
1671,1703,3,,,,
1672,1704,1,,,,
1673,1705,1,,,,
1674,1707,2,,,,
1675,1709,1,,,,
1676,1710,2,,,,
1677,1711,1,,,,
1678,1712,2,,,,
1679,1714,3,,,,
1680,1716,2,,,,
1681,1720,3,,,,
1682,1722,8,,,,
1683,1723,1,,,,
1684,1724,1,,,,
1685,1725,1,,,,
1686,1726,2,,,,
1687,1727,1,,,,
1688,1728,2,,,,
1689,1729,4,,,,
1690,1730,2,,,,
1691,1731,3,,,,
1692,1732,3,,,,
1693,1733,1,,,,
1694,1734,3,,,,
1695,1735,3,,,,
1696,1737,2,,,,
1697,1738,2,,,,
1698,1739,1,,,,
1699,1740,4,,,,
1700,1741,3,,,,
1701,1742,1,,,,
1702,1743,1,,,,
1703,1744,4,,,,
1704,1746,2,,,,
1705,1747,3,,,,
1706,1749,1,,,,
1707,1750,3,,,,
1708,1751,3,,,,
1709,1752,2,,,,
1710,1753,3,,,,
1711,1754,3,,,,
1712,1755,4,,,,
1713,1756,3,,,,
1714,1757,1,,,,
1715,1758,4,,,,
1716,1759,2,,,,
1717,1760,4,,,,
1718,1761,2,,,,
1719,1762,3,,,,
1720,1763,2,,,,
1721,1764,1,,,,
1722,1766,6,,,,
1723,1767,2,,,,
1724,1769,3,,,,
1725,1770,3,,,,
1726,1771,1,,,,
1727,1772,1,,,,
1728,1774,2,,,,
1729,1775,2,,,,
1730,1777,3,,,,
1731,1778,3,,,,
1732,1779,3,,,,
1733,1780,4,,,,
1734,1781,4,,,,
1735,1782,3,,,,
1736,1783,3,,,,
1737,1784,3,,,,
1738,1785,1,,,,
1739,1787,1,,,,
1740,1789,4,,,,
1741,1790,5,,,,
1742,1791,3,,,,
1743,1792,2,,,,
1744,1793,1,,,,
1745,1794,1,,,,
1746,1795,2,,,,
1747,1796,1,,,,
1748,1797,1,,,,
1749,1800,1,,,,
1750,1801,1,,,,
1751,1802,3,,,,
1752,1804,1,,,,
1753,1805,1,,,,
1754,1806,2,,,,
1755,1807,3,,,,
1756,1808,1,,,,
1757,1809,6,,,,
1758,1810,4,,,,
1759,1812,3,,,,
1760,1813,2,,,,
1761,1814,2,,,,
1762,1815,2,,,,
1763,1816,1,,,,
1764,1817,4,,,,
1765,1818,2,,,,
1766,1820,2,,,,
1767,1821,3,,,,
1768,1822,1,,,,
1769,1826,2,,,,
1770,1827,1,,,,
1771,1828,1,,,,
1772,1829,4,,,,
1773,1830,1,,,,
1774,1831,3,,,,
1775,1832,2,,,,
1776,1833,1,,,,
1777,1834,1,,,,
1778,1835,1,,,,
1779,1836,2,,,,
1780,1837,4,,,,
1781,1838,2,,,,
1782,1839,5,,,,
1783,1841,1,,,,
1784,1842,4,,,,
1785,1843,5,,,,
1786,1844,3,,,,
1787,1845,1,,,,
1788,1847,4,,,,
1789,1849,4,,,,
1790,1850,3,,,,
1791,1851,3,,,,
1792,1852,3,,,,
1793,1853,3,,,,
1794,1854,3,,,,
1795,1855,5,,,,
1796,1856,1,,,,
1797,1857,4,,,,
1798,1858,1,,,,
1799,1859,1,,,,
1800,1860,1,,,,
1801,1862,2,,,,
1802,1863,2,,,,
1803,1864,3,,,,
1804,1865,1,,,,
1805,1866,1,,,,
1806,1867,2,,,,
1807,1868,2,,,,
1808,1869,1,,,,
1809,1870,1,,,,
1810,1871,3,,,,
1811,1872,2,,,,
1812,1873,1,,,,
1813,1874,2,,,,
1814,1875,1,,,,
1815,1876,3,,,,
1816,1877,1,,,,
1817,1878,6,,,,
1818,1879,2,,,,
1819,1880,1,,,,
1820,1882,5,,,,
1821,1884,3,,,,
1822,1885,2,,,,
1823,1886,3,,,,
1824,1887,6,,,,
1825,1888,5,,,,
1826,1889,2,,,,
1827,1891,4,,,,
1828,1892,3,,,,
1829,1893,1,,,,
1830,1894,1,,,,
1831,1895,2,,,,
1832,1896,3,,,,
1833,1897,1,,,,
1834,1898,3,,,,
1835,1900,1,,,,
1836,1901,2,,,,
1837,1902,2,,,,
1838,1903,1,,,,
1839,1904,3,,,,
1840,1905,1,,,,
1841,1906,1,,,,
1842,1907,3,,,,
1843,1908,1,,,,
1844,1909,4,,,,
1845,1910,2,,,,
1846,1911,1,,,,
1847,1912,5,,,,
1848,1913,1,,,,
1849,1914,1,,,,
1850,1915,1,,,,
1851,1916,1,,,,
1852,1918,2,,,,
1853,1919,3,,,,
1854,1920,1,,,,
1855,1921,2,,,,
1856,1922,1,,,,
1857,1923,1,,,,
1858,1925,1,,,,
1859,1926,2,,,,
1860,1927,3,,,,
1861,1928,1,,,,
1862,1929,1,,,,
1863,1931,2,,,,
1864,1933,2,,,,
1865,1934,1,,,,
1866,1935,4,,,,
1867,1936,5,,,,
1868,1937,1,,,,
1869,1938,2,,,,
1870,1939,4,,,,
1871,1941,2,,,,
1872,1942,4,,,,
1873,1943,4,,,,
1874,1944,5,,,,
1875,1945,2,,,,
1876,1946,2,,,,
1877,1947,1,,,,
1878,1949,1,,,,
1879,1950,2,,,,
1880,1951,1,,,,
1881,1952,2,,,,
1882,1953,2,,,,
1883,1954,2,,,,
1884,1956,2,,,,
1885,1957,2,,,,
1886,1958,1,,,,
1887,1959,4,,,,
1888,1960,1,,,,
1889,1961,1,,,,
1890,1962,2,,,,
1891,1963,1,,,,
1892,1964,1,,,,
1893,1965,3,,,,
1894,1966,3,,,,
1895,1967,3,,,,
1896,1968,1,,,,
1897,1969,1,,,,
1898,1970,2,,,,
1899,1971,1,,,,
1900,1973,2,,,,
1901,1974,6,,,,
1902,1975,4,,,,
1903,1976,1,,,,
1904,1977,2,,,,
1905,1978,2,,,,
1906,1979,2,,,,
1907,1980,3,,,,
1908,1981,1,,,,
1909,1983,4,,,,
1910,1984,3,,,,
1911,1985,1,,,,
1912,1986,1,,,,
1913,1987,2,,,,
1914,1988,1,,,,
1915,1989,2,,,,
1916,1990,2,,,,
1917,1991,3,,,,
1918,1992,2,,,,
1919,1993,4,,,,
1920,1994,2,,,,
1921,1995,2,,,,
1922,1996,3,,,,
1923,1997,1,,,,
1924,1999,1,,,,
1925,2000,4,,,,
1926,2001,2,,,,
1927,2002,1,,,,
1928,2003,1,,,,
1929,2004,1,,,,
1930,2005,4,,,,
1931,2007,2,,,,
1932,2008,1,,,,
1933,2009,3,,,,
1934,2010,2,,,,
1935,2011,1,,,,
1936,2013,4,,,,
1937,2014,2,,,,
1938,2016,4,,,,
1939,2018,2,,,,
1940,2019,2,,,,
1941,2020,1,,,,
1942,2021,2,,,,
1943,2022,2,,,,
1944,2023,2,,,,
1945,2024,2,,,,
1946,2025,1,,,,
1947,2026,2,,,,
1948,2027,6,,,,
1949,2028,6,,,,
1950,2031,2,,,,
1951,2033,3,,,,
1952,2034,2,,,,
1953,2035,1,,,,
1954,2036,3,,,,
1955,2037,4,,,,
1956,2038,4,,,,
1957,2039,2,,,,
1958,2040,1,,,,
1959,2041,1,,,,
1960,2042,1,,,,
1961,2043,3,,,,
1962,2044,3,,,,
1963,2045,2,,,,
1964,2046,4,,,,
1965,2047,2,,,,
1966,2048,2,,,,
1967,2049,3,,,,
1968,2050,1,,,,
1969,2051,4,,,,
1970,2052,2,,,,
1971,2053,1,,,,
1972,2054,3,,,,
1973,2055,1,,,,
1974,2056,2,,,,
1975,2057,1,,,,
1976,2058,2,,,,
1977,2059,2,,,,
1978,2061,3,,,,
1979,2062,2,,,,
1980,2063,2,,,,
1981,2064,4,,,,
1982,2065,3,,,,
1983,2066,2,,,,
1984,2067,3,,,,
1985,2068,1,,,,
1986,2069,1,,,,
1987,2070,4,,,,
1988,2071,1,,,,
1989,2072,2,,,,
1990,2073,1,,,,
1991,2075,1,,,,
1992,2076,4,,,,
1993,2077,3,,,,
1994,2078,3,,,,
1995,2079,4,,,,
1996,2080,3,,,,
1997,2081,2,,,,
1998,2083,2,,,,
1999,2085,2,,,,
2000,2086,2,,,,
2001,2087,1,,,,
2002,2088,1,,,,
2003,2090,1,,,,
2004,2092,1,,,,
2005,2093,2,,,,
2006,2095,3,,,,
2007,2096,2,,,,
2008,2097,2,,,,
2009,2098,3,,,,
2010,2099,1,,,,
2011,2100,1,,,,
2012,2101,4,,,,
2013,2102,1,,,,
2014,2103,2,,,,
2015,2104,1,,,,
2016,2105,2,,,,
2017,2106,1,,,,
2018,2107,1,,,,
2019,2108,1,,,,
2020,2109,3,,,,
2021,2111,2,,,,
2022,2112,1,,,,
2023,2113,3,,,,
2024,2114,1,,,,
2025,2115,1,,,,
2026,2116,1,,,,
2027,2117,1,,,,
2028,2118,2,,,,
2029,2119,4,,,,
2030,2120,2,,,,
2031,2121,2,,,,
2032,2122,3,,,,
2033,2123,1,,,,
2034,2124,2,,,,
2035,2125,4,,,,
2036,2126,2,,,,
2037,2127,4,,,,
2038,2128,2,,,,
2039,2129,4,,,,
2040,2131,1,,,,
2041,2132,1,,,,
2042,2133,5,,,,
2043,2134,1,,,,
2044,2135,1,,,,
2045,2136,1,,,,
2046,2137,3,,,,
2047,2138,2,,,,
2048,2140,2,,,,
2049,2141,3,,,,
2050,2143,1,,,,
2051,2144,1,,,,
2052,2145,2,,,,
2053,2146,2,,,,
2054,2147,1,,,,
2055,2149,3,,,,
2056,2151,7,,,,
2057,2152,1,,,,
2058,2153,1,,,,
2059,2155,2,,,,
2060,2156,2,,,,
2061,2157,1,,,,
2062,2158,1,,,,
2063,2159,1,,,,
2064,2160,3,,,,
2065,2161,1,,,,
2066,2162,4,,,,
2067,2163,3,,,,
2068,2165,1,,,,
2069,2166,1,,,,
2070,2167,1,,,,
2071,2170,1,,,,
2072,2171,1,,,,
2073,2172,1,,,,
2074,2173,1,,,,
2075,2174,3,,,,
2076,2175,1,,,,
2077,2178,3,,,,
2078,2179,1,,,,
2079,2181,2,,,,
2080,2182,2,,,,
2081,2183,1,,,,
2082,2184,1,,,,
2083,2185,1,,,,
2084,2187,2,,,,
2085,2189,6,,,,
2086,2192,1,,,,
2087,2193,2,,,,
2088,2194,1,,,,
2089,2195,2,,,,
2090,2197,2,,,,
2091,2198,1,,,,
2092,2199,4,,,,
2093,2200,3,,,,
2094,2201,2,,,,
2095,2203,3,,,,
2096,2204,2,,,,
2097,2205,3,,,,
2098,2206,1,,,,
2099,2208,1,,,,
2100,2209,2,,,,
2101,2210,3,,,,
2102,2211,1,,,,
2103,2212,2,,,,
2104,2213,1,,,,
2105,2214,2,,,,
2106,2216,1,,,,
2107,2217,1,,,,
2108,2218,3,,,,
2109,2219,1,,,,
2110,2220,3,,,,
2111,2222,2,,,,
2112,2223,4,,,,
2113,2224,2,,,,
2114,2225,1,,,,
2115,2226,1,,,,
2116,2227,1,,,,
2117,2228,1,,,,
2118,2231,2,,,,
2119,2232,1,,,,
2120,2233,1,,,,
2121,2234,1,,,,
2122,2235,1,,,,
2123,2236,2,,,,
2124,2237,2,,,,
2125,2238,2,,,,
2126,2239,4,,,,
2127,2240,1,,,,
2128,2241,2,,,,
2129,2243,2,,,,
2130,2244,3,,,,
2131,2246,1,,,,
2132,2247,2,,,,
2133,2248,1,,,,
2134,2249,1,,,,
2135,2251,1,,,,
2136,2252,2,,,,
2137,2253,4,,,,
2138,2254,4,,,,
2139,2256,2,,,,
2140,2257,2,,,,
2141,2258,1,,,,
2142,2259,1,,,,
2143,2261,1,,,,
2144,2262,5,,,,
2145,2264,3,,,,
2146,2265,3,,,,
2147,2266,2,,,,
2148,2268,1,,,,
2149,2269,2,,,,
2150,2271,1,,,,
2151,2272,1,,,,
2152,2273,2,,,,
2153,2274,1,,,,
2154,2275,3,,,,
2155,2276,2,,,,
2156,2277,2,,,,
2157,2279,1,,,,
2158,2280,2,,,,
2159,2281,1,,,,
2160,2284,2,,,,
2161,2286,1,,,,
2162,2287,1,,,,
2163,2289,1,,,,
2164,2290,2,,,,
2165,2291,1,,,,
2166,2292,4,,,,
2167,2293,2,,,,
2168,2294,1,,,,
2169,2295,2,,,,
2170,2297,4,,,,
2171,2298,1,,,,
2172,2299,1,,,,
2173,2300,1,,,,
2174,2301,2,,,,
2175,2302,1,,,,
2176,2303,4,,,,
2177,2304,4,,,,
2178,2305,2,,,,
2179,2306,1,,,,
2180,2307,3,,,,
2181,2309,4,,,,
2182,2310,1,,,,
2183,2312,2,,,,
2184,2313,3,,,,
2185,2314,3,,,,
2186,2316,1,,,,
2187,2317,2,,,,
2188,2319,1,,,,
2189,2320,1,,,,
2190,2321,2,,,,
2191,2322,2,,,,
2192,2325,2,,,,
2193,2326,2,,,,
2194,2327,3,,,,
2195,2330,2,,,,
2196,2331,3,,,,
2197,2332,2,,,,
2198,2333,2,,,,
2199,2334,1,,,,
2200,2335,1,,,,
2201,2336,1,,,,
2202,2337,1,,,,
2203,2338,2,,,,
2204,2339,3,,,,
2205,2340,1,,,,
2206,2341,3,,,,
2207,2342,1,,,,
2208,2344,1,,,,
2209,2345,1,,,,
2210,2347,2,,,,
2211,2348,4,,,,
2212,2349,1,,,,
2213,2353,1,,,,
2214,2354,2,,,,
2215,2355,1,,,,
2216,2357,2,,,,
2217,2358,2,,,,
2218,2359,1,,,,
2219,2360,1,,,,
2220,2361,1,,,,
2221,2362,1,,,,
2222,2364,3,,,,
2223,2366,1,,,,
2224,2367,1,,,,
2225,2368,2,,,,
2226,2370,1,,,,
2227,2371,1,,,,
2228,2372,2,,,,
2229,2373,3,,,,
2230,2374,2,,,,
2231,2375,1,,,,
2232,2376,2,,,,
2233,2377,1,,,,
2234,2378,1,,,,
2235,2379,3,,,,
2236,2381,1,,,,
2237,2382,2,,,,
2238,2383,3,,,,
2239,2385,3,,,,
2240,2387,1,,,,
2241,2389,5,,,,
2242,2391,1,,,,
2243,2393,2,,,,
2244,2394,3,,,,
2245,2395,2,,,,
2246,2396,3,,,,
2247,2397,4,,,,
2248,2398,1,,,,
2249,2399,3,,,,
2250,2400,2,,,,
2251,2401,1,,,,
2252,2402,3,,,,
2253,2403,1,,,,
2254,2404,3,,,,
2255,2405,1,,,,
2256,2406,4,,,,
2257,2408,1,,,,
2258,2409,1,,,,
2259,2410,1,,,,
2260,2412,2,,,,
2261,2413,3,,,,
2262,2414,4,,,,
2263,2416,1,,,,
2264,2417,3,,,,
2265,2418,1,,,,
2266,2419,1,,,,
2267,2420,2,,,,
2268,2421,1,,,,
2269,2423,3,,,,
2270,2424,1,,,,
2271,2425,2,,,,
2272,2426,2,,,,
2273,2427,2,,,,
2274,2428,1,,,,
2275,2429,2,,,,
2276,2430,3,,,,
2277,2431,1,,,,
2278,2432,2,,,,
2279,2433,2,,,,
2280,2434,2,,,,
2281,2435,3,,,,
2282,2436,2,,,,
2283,2437,1,,,,
2284,2438,5,,,,
2285,2439,2,,,,
2286,2440,2,,,,
2287,2441,2,,,,
2288,2442,1,,,,
2289,2444,1,,,,
2290,2445,1,,,,
2291,2446,1,,,,
2292,2447,1,,,,
2293,2449,3,,,,
2294,2451,1,,,,
2295,2452,1,,,,
2296,2453,1,,,,
2297,2454,2,,,,
2298,2455,3,,,,
2299,2456,1,,,,
2300,2457,2,,,,
2301,2459,4,,,,
2302,2460,1,,,,
2303,2462,1,,,,
2304,2463,3,,,,
2305,2464,1,,,,
2306,2465,2,,,,
2307,2466,2,,,,
2308,2467,1,,,,
2309,2468,3,,,,
2310,2469,1,,,,
2311,2470,1,,,,
2312,2471,1,,,,
2313,2472,1,,,,
2314,2473,3,,,,
2315,2476,2,,,,
2316,2477,1,,,,
2317,2478,2,,,,
2318,2479,1,,,,
2319,2480,2,,,,
2320,2482,2,,,,
2321,2483,1,,,,
2322,2484,2,,,,
2323,2485,1,,,,
2324,2486,1,,,,
2325,2488,1,,,,
2326,2489,1,,,,
2327,2490,5,,,,
2328,2492,2,,,,
2329,2493,2,,,,
2330,2497,1,,,,
2331,2498,1,,,,
2332,2500,2,,,,
2333,2502,1,,,,
2334,2503,3,,,,
2335,2504,3,,,,
2336,2505,3,,,,
2337,2507,3,,,,
2338,2509,1,,,,
2339,2510,1,,,,
2340,2512,2,,,,
2341,2513,1,,,,
2342,2514,1,,,,
2343,2515,2,,,,
2344,2516,2,,,,
2345,2517,1,,,,
2346,2520,2,,,,
2347,2521,1,,,,
2348,2522,1,,,,
2349,2525,2,,,,
2350,2526,2,,,,
2351,2528,1,,,,
2352,2531,2,,,,
2353,2533,2,,,,
2354,2534,1,,,,
2355,2536,1,,,,
2356,2537,1,,,,
2357,2538,1,,,,
2358,2539,1,,,,
2359,2540,1,,,,
2360,2541,3,,,,
2361,2542,1,,,,
2362,2544,3,,,,
2363,2547,1,,,,
2364,2548,2,,,,
2365,2549,1,,,,
2366,2550,1,,,,
2367,2554,1,,,,
2368,2555,1,,,,
2369,2556,2,,,,
2370,2557,2,,,,
2371,2558,1,,,,
2372,2559,1,,,,
2373,2560,1,,,,
2374,2561,1,,,,
2375,2563,1,,,,
2376,2564,1,,,,
2377,2565,1,,,,
2378,2566,2,,,,
2379,2567,1,,,,
2380,2568,1,,,,
2381,2569,1,,,,
2382,2570,1,,,,
2383,2571,1,,,,
2384,2573,3,,,,
2385,2574,2,,,,
2386,2575,2,,,,
2387,2576,2,,,,
2388,2578,4,,,,
2389,2579,2,,,,
2390,2581,2,,,,
2391,2582,3,,,,
2392,2583,1,,,,
2393,2584,2,,,,
2394,2586,2,,,,
2395,2587,1,,,,
2396,2590,1,,,,
2397,2591,1,,,,
2398,2592,1,,,,
2399,2593,1,,,,
2400,2594,1,,,,
2401,2595,1,,,,
2402,2597,3,,,,
2403,2599,1,,,,
2404,2600,1,,,,
2405,2602,1,,,,
2406,2603,3,,,,
2407,2604,1,,,,
2408,2606,3,,,,
2409,2607,3,,,,
2410,2608,2,,,,
2411,2609,1,,,,
2412,2610,4,,,,
2413,2611,2,,,,
2414,2613,1,,,,
2415,2614,1,,,,
2416,2615,1,,,,
2417,2616,1,,,,
2418,2619,3,,,,
2419,2620,1,,,,
2420,2621,1,,,,
2421,2622,1,,,,
2422,2623,1,,,,
2423,2624,1,,,,
2424,2625,1,,,,
2425,2627,1,,,,
2426,2628,1,,,,
2427,2629,1,,,,
2428,2631,2,,,,
2429,2634,1,,,,
2430,2635,1,,,,
2431,2636,1,,,,
2432,2637,1,,,,
2433,2638,2,,,,
2434,2640,1,,,,
2435,2641,1,,,,
2436,2642,1,,,,
2437,2643,2,,,,
2438,2644,2,,,,
2439,2645,1,,,,
2440,2646,1,,,,
2441,2647,1,,,,
2442,2650,3,,,,
2443,2652,1,,,,
2444,2653,1,,,,
2445,2654,1,,,,
2446,2655,2,,,,
2447,2656,1,,,,
2448,2657,1,,,,
2449,2658,2,,,,
2450,2659,2,,,,
2451,2660,1,,,,
2452,2661,1,,,,
2453,2662,1,,,,
2454,2663,1,,,,
2455,2664,1,,,,
2456,2665,1,,,,
2457,2666,2,,,,
2458,2669,3,,,,
2459,2670,2,,,,
2460,2672,1,,,,
2461,2673,1,,,,
2462,2675,2,,,,
2463,2676,1,,,,
2464,2679,1,,,,
2465,2680,1,,,,
2466,2682,1,,,,
2467,2684,2,,,,
2468,2685,1,,,,
2469,2686,1,,,,
2470,2687,1,,,,
2471,2688,2,,,,
2472,2690,1,,,,
2473,2691,1,,,,
2474,2693,2,,,,
2475,2694,1,,,,
2476,2695,2,,,,
2477,2696,1,,,,
2478,2697,2,,,,
2479,2698,1,,,,
2480,2702,1,,,,
2481,2703,1,,,,
2482,2704,1,,,,
2483,2705,2,,,,
2484,2706,2,,,,
2485,2709,1,,,,
2486,2710,3,,,,
2487,2711,1,,,,
2488,2712,1,,,,
2489,2713,1,,,,
2490,2717,1,,,,
2491,2719,2,,,,
2492,2722,2,,,,
2493,2723,1,,,,
2494,2724,1,,,,
2495,2725,1,,,,
2496,2727,1,,,,
2497,2728,1,,,,
2498,2730,3,,,,
2499,2731,1,,,,
2500,2733,1,,,,
2501,2734,2,,,,
2502,2735,2,,,,
2503,2736,4,,,,
2504,2739,2,,,,
2505,2740,2,,,,
2506,2742,2,,,,
2507,2743,1,,,,
2508,2745,1,,,,
2509,2746,1,,,,
2510,2747,1,,,,
2511,2749,1,,,,
2512,2751,1,,,,
2513,2754,1,,,,
2514,2755,1,,,,
2515,2756,2,,,,
2516,2757,1,,,,
2517,2758,1,,,,
2518,2763,2,,,,
2519,2765,1,,,,
2520,2769,1,,,,
2521,2770,1,,,,
2522,2771,1,,,,
2523,2772,1,,,,
2524,2773,1,,,,
2525,2776,1,,,,
2526,2778,1,,,,
2527,2781,2,,,,
2528,2782,2,,,,
2529,2783,1,,,,
2530,2785,3,,,,
2531,2786,1,,,,
2532,2787,1,,,,
2533,2788,1,,,,
2534,2789,1,,,,
2535,2791,2,,,,
2536,2793,1,,,,
2537,2795,1,,,,
2538,2797,2,,,,
2539,2799,1,,,,
2540,2800,2,,,,
2541,2801,1,,,,
2542,2802,1,,,,
2543,2803,3,,,,
2544,2804,2,,,,
2545,2805,1,,,,
2546,2806,2,,,,
2547,2807,3,,,,
2548,2808,1,,,,
2549,2809,2,,,,
2550,2810,2,,,,
2551,2812,1,,,,
2552,2813,2,,,,
2553,2814,1,,,,
2554,2816,1,,,,
2555,2817,1,,,,
2556,2818,2,,,,
2557,2820,2,,,,
2558,2821,1,,,,
2559,2823,2,,,,
2560,2824,1,,,,
2561,2825,1,,,,
2562,2826,1,,,,
2563,2827,1,,,,
2564,2829,2,,,,
2565,2831,2,,,,
2566,2834,2,,,,
2567,2836,4,,,,
2568,2838,3,,,,
2569,2840,1,,,,
2570,2841,2,,,,
2571,2842,3,,,,
2572,2843,1,,,,
2573,2844,1,,,,
2574,2845,1,,,,
2575,2847,1,,,,
2576,2848,1,,,,
2577,2850,1,,,,
2578,2851,2,,,,
2579,2852,2,,,,
2580,2853,1,,,,
2581,2855,2,,,,
2582,2856,2,,,,
2583,2859,4,,,,
2584,2862,1,,,,
2585,2863,3,,,,
2586,2866,1,,,,
2587,2868,2,,,,
2588,2870,1,,,,
2589,2871,2,,,,
2590,2877,1,,,,
2591,2878,3,,,,
2592,2879,1,,,,
2593,2882,1,,,,
2594,2884,1,,,,
2595,2885,2,,,,
2596,2889,1,,,,
2597,2891,1,,,,
2598,2892,2,,,,
2599,2893,1,,,,
2600,2895,1,,,,
2601,2896,1,,,,
2602,2898,2,,,,
2603,2899,3,,,,
2604,2903,1,,,,
2605,2904,1,,,,
2606,2906,1,,,,
2607,2907,1,,,,
2608,2909,2,,,,
2609,2912,2,,,,
2610,2913,1,,,,
2611,2914,1,,,,
2612,2916,1,,,,
2613,2917,1,,,,
2614,2919,2,,,,
2615,2921,1,,,,
2616,2923,1,,,,
2617,2924,2,,,,
2618,2925,2,,,,
2619,2926,2,,,,
2620,2927,1,,,,
2621,2928,2,,,,
2622,2929,1,,,,
2623,2931,1,,,,
2624,2933,1,,,,
2625,2934,2,,,,
2626,2936,1,,,,
2627,2937,1,,,,
2628,2938,2,,,,
2629,2940,1,,,,
2630,2942,2,,,,
2631,2943,1,,,,
2632,2944,2,,,,
2633,2946,2,,,,
2634,2949,1,,,,
2635,2952,1,,,,
2636,2953,2,,,,
2637,2954,2,,,,
2638,2956,1,,,,
2639,2958,2,,,,
2640,2961,2,,,,
2641,2962,1,,,,
2642,2963,1,,,,
2643,2964,1,,,,
2644,2965,1,,,,
2645,2966,2,,,,
2646,2967,1,,,,
2647,2968,1,,,,
2648,2969,2,,,,
2649,2971,2,,,,
2650,2972,2,,,,
2651,2975,2,,,,
2652,2979,1,,,,
2653,2983,1,,,,
2654,2984,2,,,,
2655,2985,1,,,,
2656,2988,5,,,,
2657,2992,2,,,,
2658,2994,1,,,,
2659,2999,1,,,,
2660,3001,1,,,,
2661,3003,1,,,,
2662,3004,2,,,,
2663,3005,1,,,,
2664,3007,5,,,,
2665,3008,1,,,,
2666,3016,1,,,,
2667,3019,1,,,,
2668,3021,1,,,,
2669,3022,1,,,,
2670,3023,2,,,,
2671,3024,1,,,,
2672,3026,1,,,,
2673,3027,1,,,,
2674,3028,1,,,,
2675,3029,1,,,,
2676,3031,2,,,,
2677,3034,1,,,,
2678,3035,3,,,,
2679,3036,1,,,,
2680,3037,2,,,,
2681,3038,1,,,,
2682,3040,1,,,,
2683,3041,2,,,,
2684,3042,2,,,,
2685,3043,2,,,,
2686,3044,1,,,,
2687,3045,3,,,,
2688,3049,1,,,,
2689,3050,3,,,,
2690,3051,3,,,,
2691,3052,1,,,,
2692,3053,1,,,,
2693,3054,2,,,,
2694,3057,1,,,,
2695,3058,1,,,,
2696,3059,2,,,,
2697,3061,1,,,,
2698,3063,2,,,,
2699,3066,1,,,,
2700,3067,2,,,,
2701,3068,1,,,,
2702,3069,1,,,,
2703,3071,1,,,,
2704,3073,1,,,,
2705,3075,1,,,,
2706,3076,1,,,,
2707,3078,2,,,,
2708,3081,1,,,,
2709,3082,1,,,,
2710,3084,2,,,,
2711,3085,1,,,,
2712,3086,1,,,,
2713,3090,1,,,,
2714,3091,1,,,,
2715,3095,2,,,,
2716,3097,1,,,,
2717,3098,1,,,,
2718,3100,2,,,,
2719,3102,1,,,,
2720,3105,1,,,,
2721,3106,1,,,,
2722,3111,1,,,,
2723,3112,1,,,,
2724,3113,1,,,,
2725,3115,1,,,,
2726,3117,1,,,,
2727,3118,1,,,,
2728,3119,2,,,,
2729,3122,1,,,,
2730,3123,2,,,,
2731,3124,1,,,,
2732,3125,1,,,,
2733,3126,1,,,,
2734,3128,1,,,,
2735,3129,2,,,,
2736,3130,1,,,,
2737,3135,1,,,,
2738,3137,2,,,,
2739,3138,1,,,,
2740,3139,1,,,,
2741,3141,1,,,,
2742,3142,1,,,,
2743,3143,1,,,,
2744,3144,1,,,,
2745,3146,1,,,,
2746,3147,1,,,,
2747,3149,1,,,,
2748,3150,2,,,,
2749,3152,1,,,,
2750,3157,3,,,,
2751,3158,1,,,,
2752,3159,2,,,,
2753,3160,1,,,,
2754,3161,1,,,,
2755,3162,1,,,,
2756,3163,1,,,,
2757,3164,2,,,,
2758,3166,1,,,,
2759,3167,1,,,,
2760,3168,1,,,,
2761,3170,1,,,,
2762,3173,2,,,,
2763,3174,1,,,,
2764,3176,1,,,,
2765,3178,2,,,,
2766,3179,1,,,,
2767,3180,1,,,,
2768,3181,1,,,,
2769,3182,1,,,,
2770,3183,1,,,,
2771,3184,1,,,,
2772,3187,2,,,,
2773,3188,3,,,,
2774,3190,2,,,,
2775,3192,1,,,,
2776,3195,2,,,,
2777,3197,1,,,,
2778,3198,1,,,,
2779,3201,1,,,,
2780,3204,3,,,,
2781,3205,1,,,,
2782,3206,2,,,,
2783,3207,1,,,,
2784,3209,2,,,,
2785,3211,1,,,,
2786,3212,1,,,,
2787,3214,1,,,,
2788,3215,1,,,,
2789,3218,2,,,,
2790,3220,3,,,,
2791,3221,3,,,,
2792,3222,2,,,,
2793,3223,1,,,,
2794,3224,1,,,,
2795,3225,2,,,,
2796,3226,1,,,,
2797,3227,2,,,,
2798,3228,1,,,,
2799,3229,2,,,,
2800,3230,1,,,,
2801,3232,3,,,,
2802,3233,1,,,,
2803,3235,1,,,,
2804,3238,1,,,,
2805,3239,1,,,,
2806,3240,1,,,,
2807,3242,2,,,,
2808,3243,1,,,,
2809,3247,1,,,,
2810,3249,1,,,,
2811,3250,1,,,,
2812,3252,1,,,,
2813,3253,1,,,,
2814,3254,2,,,,
2815,3255,1,,,,
2816,3257,1,,,,
2817,3258,1,,,,
2818,3259,1,,,,
2819,3261,1,,,,
2820,3262,2,,,,
2821,3263,2,,,,
2822,3264,1,,,,
2823,3265,1,,,,
2824,3266,1,,,,
2825,3267,4,,,,
2826,3268,1,,,,
2827,3269,2,,,,
2828,3270,1,,,,
2829,3271,1,,,,
2830,3272,1,,,,
2831,3273,1,,,,
2832,3275,3,,,,
2833,3276,1,,,,
2834,3277,1,,,,
2835,3279,1,,,,
2836,3282,3,,,,
2837,3288,2,,,,
2838,3289,2,,,,
2839,3293,2,,,,
2840,3294,3,,,,
2841,3296,1,,,,
2842,3300,1,,,,
2843,3302,1,,,,
2844,3303,1,,,,
2845,3306,1,,,,
2846,3307,1,,,,
2847,3308,1,,,,
2848,3312,1,,,,
2849,3315,2,,,,
2850,3316,1,,,,
2851,3317,1,,,,
2852,3320,1,,,,
2853,3321,1,,,,
2854,3325,1,,,,
2855,3328,1,,,,
2856,3329,3,,,,
2857,3330,1,,,,
2858,3335,1,,,,
2859,3336,1,,,,
2860,3337,1,,,,
2861,3342,2,,,,
2862,3344,1,,,,
2863,3349,3,,,,
2864,3350,1,,,,
2865,3351,1,,,,
2866,3352,1,,,,
2867,3353,1,,,,
2868,3358,1,,,,
2869,3360,1,,,,
2870,3365,1,,,,
2871,3366,1,,,,
2872,3367,1,,,,
2873,3368,2,,,,
2874,3372,2,,,,
2875,3375,1,,,,
2876,3376,1,,,,
2877,3377,1,,,,
2878,3380,1,,,,
2879,3382,1,,,,
2880,3383,1,,,,
2881,3384,2,,,,
2882,3389,1,,,,
2883,3391,2,,,,
2884,3392,1,,,,
2885,3393,2,,,,
2886,3395,2,,,,
2887,3396,1,,,,
2888,3399,1,,,,
2889,3400,2,,,,
2890,3401,2,,,,
2891,3403,1,,,,
2892,3404,2,,,,
2893,3413,1,,,,
2894,3415,1,,,,
2895,3416,2,,,,
2896,3417,1,,,,
2897,3424,1,,,,
2898,3425,1,,,,
2899,3428,1,,,,
2900,3429,1,,,,
2901,3430,1,,,,
2902,3431,1,,,,
2903,3432,1,,,,
2904,3440,1,,,,
2905,3441,5,,,,
2906,3444,2,,,,
2907,3447,2,,,,
2908,3449,2,,,,
2909,3453,1,,,,
2910,3456,3,,,,
2911,3459,1,,,,
2912,3460,2,,,,
2913,3468,1,,,,
2914,3471,2,,,,
2915,3472,1,,,,
2916,3473,2,,,,
2917,3474,1,,,,
2918,3475,3,,,,
2919,3477,1,,,,
2920,3478,1,,,,
2921,3479,2,,,,
2922,3481,5,,,,
2923,3483,1,,,,
2924,3486,1,,,,
2925,3487,1,,,,
2926,3488,3,,,,
2927,3489,1,,,,
2928,3492,1,,,,
2929,3495,2,,,,
2930,3497,1,,,,
2931,3500,1,,,,
2932,3503,1,,,,
2933,3505,2,,,,
2934,3508,1,,,,
2935,3512,1,,,,
2936,3513,1,,,,
2937,3517,1,,,,
2938,3521,3,,,,
2939,3524,1,,,,
2940,3527,3,,,,
2941,3529,2,,,,
2942,3530,1,,,,
2943,3539,1,,,,
2944,3540,1,,,,
2945,3541,1,,,,
2946,3542,1,,,,
2947,3544,1,,,,
2948,3548,1,,,,
2949,3551,1,,,,
2950,3552,1,,,,
2951,3553,3,,,,
2952,3554,1,,,,
2953,3557,1,,,,
2954,3559,1,,,,
2955,3560,1,,,,
2956,3564,1,,,,
2957,3567,1,,,,
2958,3568,1,,,,
2959,3575,1,,,,
2960,3576,1,,,,
2961,3580,1,,,,
2962,3581,2,,,,
2963,3583,2,,,,
2964,3584,1,,,,
2965,3585,1,,,,
2966,3586,1,,,,
2967,3588,1,,,,
2968,3591,2,,,,
2969,3596,1,,,,
2970,3604,2,,,,
2971,3605,1,,,,
2972,3607,3,,,,
2973,3611,1,,,,
2974,3613,1,,,,
2975,3615,2,,,,
2976,3617,1,,,,
2977,3618,2,,,,
2978,3619,1,,,,
2979,3621,2,,,,
2980,3625,3,,,,
2981,3627,1,,,,
2982,3628,1,,,,
2983,3632,2,,,,
2984,3636,1,,,,
2985,3637,1,,,,
2986,3640,1,,,,
2987,3641,1,,,,
2988,3644,1,,,,
2989,3645,1,,,,
2990,3646,2,,,,
2991,3647,1,,,,
2992,3648,1,,,,
2993,3651,2,,,,
2994,3652,1,,,,
2995,3656,1,,,,
2996,3658,1,,,,
2997,3660,1,,,,
2998,3662,1,,,,
2999,3664,2,,,,
3000,3665,1,,,,
3001,3666,1,,,,
3002,3667,1,,,,
3003,3668,1,,,,
3004,3671,1,,,,
3005,3674,1,,,,
3006,3675,1,,,,
3007,3676,3,,,,
3008,3678,1,,,,
3009,3679,2,,,,
3010,3680,1,,,,
3011,3681,1,,,,
3012,3685,1,,,,
3013,3689,1,,,,
3014,3691,1,,,,
3015,3693,2,,,,
3016,3694,1,,,,
3017,3695,2,,,,
3018,3698,2,,,,
3019,3700,1,,,,
3020,3701,2,,,,
3021,3705,1,,,,
3022,3708,1,,,,
3023,3709,1,,,,
3024,3717,2,,,,
3025,3718,1,,,,
3026,3720,2,,,,
3027,3721,1,,,,
3028,3724,1,,,,
3029,3725,1,,,,
3030,3726,1,,,,
3031,3727,1,,,,
3032,3729,1,,,,
3033,3731,1,,,,
3034,3735,1,,,,
3035,3739,2,,,,
3036,3740,1,,,,
3037,3741,1,,,,
3038,3744,1,,,,
3039,3745,1,,,,
3040,3748,1,,,,
3041,3750,2,,,,
3042,3753,1,,,,
3043,3754,2,,,,
3044,3757,1,,,,
3045,3758,1,,,,
3046,3761,1,,,,
3047,3763,3,,,,
3048,3765,1,,,,
3049,3767,1,,,,
3050,3769,2,,,,
3051,3771,2,,,,
3052,3773,4,,,,
3053,3774,1,,,,
3054,3777,1,,,,
3055,3785,1,,,,
3056,3786,1,,,,
3057,3790,1,,,,
3058,3797,3,,,,
3059,3798,1,,,,
3060,3799,1,,,,
3061,3800,2,,,,
3062,3803,1,,,,
3063,3807,1,,,,
3064,3809,2,,,,
3065,3814,1,,,,
3066,3818,1,,,,
3067,3819,1,,,,
3068,3820,1,,,,
3069,3821,1,,,,
3070,3826,1,,,,
3071,3831,1,,,,
3072,3832,1,,,,
3073,3834,1,,,,
3074,3835,1,,,,
3075,3837,1,,,,
3076,3839,3,,,,
3077,3840,1,,,,
3078,3844,2,,,,
3079,3845,1,,,,
3080,3846,2,,,,
3081,3848,1,,,,
3082,3849,1,,,,
3083,3855,1,,,,
3084,3857,1,,,,
3085,3858,1,,,,
3086,3869,1,,,,
3087,3872,1,,,,
3088,3873,3,,,,
3089,3877,1,,,,
3090,3881,1,,,,
3091,3882,1,,,,
3092,3884,2,,,,
3093,3886,2,,,,
3094,3889,1,,,,
3095,3894,1,,,,
3096,3896,1,,,,
3097,3899,1,,,,
3098,3901,2,,,,
3099,3903,3,,,,
3100,3904,1,,,,
3101,3905,1,,,,
3102,3907,2,,,,
3103,3912,1,,,,
3104,3914,1,,,,
3105,3916,1,,,,
3106,3917,1,,,,
3107,3919,1,,,,
3108,3921,1,,,,
3109,3922,1,,,,
3110,3923,1,,,,
3111,3925,2,,,,
3112,3926,1,,,,
3113,3930,2,,,,
3114,3931,1,,,,
3115,3933,2,,,,
3116,3935,1,,,,
3117,3936,2,,,,
3118,3937,1,,,,
3119,3940,1,,,,
3120,3942,1,,,,
3121,3945,1,,,,
3122,3946,1,,,,
3123,3947,2,,,,
3124,3950,1,,,,
3125,3968,1,,,,
3126,3970,2,,,,
3127,3974,1,,,,
3128,3977,1,,,,
3129,3980,1,,,,
3130,3990,1,,,,
3131,3994,1,,,,
3132,3996,1,,,,
3133,3997,1,,,,
3134,4000,2,,,,
3135,4008,1,,,,
3136,4009,1,,,,
3137,4010,1,,,,
3138,4011,1,,,,
3139,4013,1,,,,
3140,4015,1,,,,
3141,4016,1,,,,
3142,4017,2,,,,
3143,4018,2,,,,
3144,4019,1,,,,
3145,4023,2,,,,
3146,4024,2,,,,
3147,4028,4,,,,
3148,4030,1,,,,
3149,4031,1,,,,
3150,4032,1,,,,
3151,4036,2,,,,
3152,4037,1,,,,
3153,4038,1,,,,
3154,4040,2,,,,
3155,4042,1,,,,
3156,4043,2,,,,
3157,4044,1,,,,
3158,4045,1,,,,
3159,4046,1,,,,
3160,4047,1,,,,
3161,4048,1,,,,
3162,4049,1,,,,
3163,4056,1,,,,
3164,4060,1,,,,
3165,4062,1,,,,
3166,4068,1,,,,
3167,4071,2,,,,
3168,4074,2,,,,
3169,4076,1,,,,
3170,4078,1,,,,
3171,4079,1,,,,
3172,4080,2,,,,
3173,4082,1,,,,
3174,4085,1,,,,
3175,4087,1,,,,
3176,4090,1,,,,
3177,4095,2,,,,
3178,4101,1,,,,
3179,4103,1,,,,
3180,4104,1,,,,
3181,4105,1,,,,
3182,4113,1,,,,
3183,4116,1,,,,
3184,4121,2,,,,
3185,4123,2,,,,
3186,4128,1,,,,
3187,4129,1,,,,
3188,4130,1,,,,
3189,4131,1,,,,
3190,4137,1,,,,
3191,4138,1,,,,
3192,4143,1,,,,
3193,4146,2,,,,
3194,4147,1,,,,
3195,4150,1,,,,
3196,4154,1,,,,
3197,4155,1,,,,
3198,4157,1,,,,
3199,4159,1,,,,
3200,4161,1,,,,
3201,4164,1,,,,
3202,4165,1,,,,
3203,4167,1,,,,
3204,4168,1,,,,
3205,4169,1,,,,
3206,4170,1,,,,
3207,4171,1,,,,
3208,4177,1,,,,
3209,4179,1,,,,
3210,4180,1,,,,
3211,4181,1,,,,
3212,4182,1,,,,
3213,4184,1,,,,
3214,4188,1,,,,
3215,4190,2,,,,
3216,4200,1,,,,
3217,4201,1,,,,
3218,4202,2,,,,
3219,4205,2,,,,
3220,4206,1,,,,
3221,4212,1,,,,
3222,4215,1,,,,
3223,4217,1,,,,
3224,4220,1,,,,
3225,4221,1,,,,
3226,4222,1,,,,
3227,4227,2,,,,
3228,4232,2,,,,
3229,4233,1,,,,
3230,4240,1,,,,
3231,4248,1,,,,
3232,4249,2,,,,
3233,4251,2,,,,
3234,4252,1,,,,
3235,4254,2,,,,
3236,4260,1,,,,
3237,4261,1,,,,
3238,4263,1,,,,
3239,4264,1,,,,
3240,4265,3,,,,
3241,4268,1,,,,
3242,4269,1,,,,
3243,4270,2,,,,
3244,4271,2,,,,
3245,4272,1,,,,
3246,4275,2,,,,
3247,4276,1,,,,
3248,4278,1,,,,
3249,4280,1,,,,
3250,4281,1,,,,
3251,4282,1,,,,
3252,4285,1,,,,
3253,4290,1,,,,
3254,4292,1,,,,
3255,4295,1,,,,
3256,4296,1,,,,
3257,4298,1,,,,
3258,4300,1,,,,
3259,4301,1,,,,
3260,4302,1,,,,
3261,4311,1,,,,
3262,4315,1,,,,
3263,4319,1,,,,
3264,4323,1,,,,
3265,4324,1,,,,
3266,4325,1,,,,
3267,4326,1,,,,
3268,4328,1,,,,
3269,4333,1,,,,
3270,4334,1,,,,
3271,4335,1,,,,
3272,4336,2,,,,
3273,4337,1,,,,
3274,4344,1,,,,
3275,4347,1,,,,
3276,4356,1,,,,
3277,4359,1,,,,
3278,4364,1,,,,
3279,4368,1,,,,
3280,4369,1,,,,
3281,4370,2,,,,
3282,4377,1,,,,
3283,4378,1,,,,
3284,4381,1,,,,
3285,4384,1,,,,
3286,4387,1,,,,
3287,4394,1,,,,
3288,4396,2,,,,
3289,4397,1,,,,
3290,4398,1,,,,
3291,4399,1,,,,
3292,4400,1,,,,
3293,4408,1,,,,
3294,4412,1,,,,
3295,4413,1,,,,
3296,4414,2,,,,
3297,4416,2,,,,
3298,4418,1,,,,
3299,4421,1,,,,
3300,4424,1,,,,
3301,4425,2,,,,
3302,4427,1,,,,
3303,4430,1,,,,
3304,4434,1,,,,
3305,4435,1,,,,
3306,4438,1,,,,
3307,4439,1,,,,
3308,4440,1,,,,
3309,4442,1,,,,
3310,4445,2,,,,
3311,4447,1,,,,
3312,4449,3,,,,
3313,4452,2,,,,
3314,4453,1,,,,
3315,4460,2,,,,
3316,4461,1,,,,
3317,4462,1,,,,
3318,4463,1,,,,
3319,4464,1,,,,
3320,4465,1,,,,
3321,4466,1,,,,
3322,4468,1,,,,
3323,4470,1,,,,
3324,4472,2,,,,
3325,4473,1,,,,
3326,4474,2,,,,
3327,4477,1,,,,
3328,4478,1,,,,
3329,4480,1,,,,
3330,4488,1,,,,
3331,4490,1,,,,
3332,4495,1,,,,
3333,4496,1,,,,
3334,4497,2,,,,
3335,4498,2,,,,
3336,4499,1,,,,
3337,4501,2,,,,
3338,4507,1,,,,
3339,4520,1,,,,
3340,4523,2,,,,
3341,4524,2,,,,
3342,4525,1,,,,
3343,4528,1,,,,
3344,4532,1,,,,
3345,4534,1,,,,
3346,4539,2,,,,
3347,4540,1,,,,
3348,4543,1,,,,
3349,4557,3,,,,
3350,4562,1,,,,
3351,4564,1,,,,
3352,4565,1,,,,
3353,4566,1,,,,
3354,4569,1,,,,
3355,4571,1,,,,
3356,4577,1,,,,
3357,4579,1,,,,
3358,4584,1,,,,
3359,4588,1,,,,
3360,4591,1,,,,
3361,4592,1,,,,
3362,4593,1,,,,
3363,4594,1,,,,
3364,4597,1,,,,
3365,4602,2,,,,
3366,4606,1,,,,
3367,4610,1,,,,
3368,4611,1,,,,
3369,4612,2,,,,
3370,4613,1,,,,
3371,4615,1,,,,
3372,4617,1,,,,
3373,4620,2,,,,
3374,4626,1,,,,
3375,4628,1,,,,
3376,4629,2,,,,
3377,4630,1,,,,
3378,4631,1,,,,
3379,4632,1,,,,
3380,4636,1,,,,
3381,4643,1,,,,
3382,4648,1,,,,
3383,4650,1,,,,
3384,4654,1,,,,
3385,4655,2,,,,
3386,4656,1,,,,
3387,4657,1,,,,
3388,4659,2,,,,
3389,4667,1,,,,
3390,4669,1,,,,
3391,4674,1,,,,
3392,4683,1,,,,
3393,4684,2,,,,
3394,4686,1,,,,
3395,4691,1,,,,
3396,4693,2,,,,
3397,4696,1,,,,
3398,4698,1,,,,
3399,4699,1,,,,
3400,4704,1,,,,
3401,4712,1,,,,
3402,4715,2,,,,
3403,4719,1,,,,
3404,4724,1,,,,
3405,4725,1,,,,
3406,4726,3,,,,
3407,4730,1,,,,
3408,4731,1,,,,
3409,4734,1,,,,
3410,4735,2,,,,
3411,4743,1,,,,
3412,4745,2,,,,
3413,4746,1,,,,
3414,4747,1,,,,
3415,4751,1,,,,
3416,4752,1,,,,
3417,4754,1,,,,
3418,4758,1,,,,
3419,4760,1,,,,
3420,4763,1,,,,
3421,4766,1,,,,
3422,4773,2,,,,
3423,4778,1,,,,
3424,4781,1,,,,
3425,4785,1,,,,
3426,4787,1,,,,
3427,4790,3,,,,
3428,4806,1,,,,
3429,4807,1,,,,
3430,4809,2,,,,
3431,4810,1,,,,
3432,4811,1,,,,
3433,4813,2,,,,
3434,4814,1,,,,
3435,4815,1,,,,
3436,4816,2,,,,
3437,4817,2,,,,
3438,4818,1,,,,
3439,4819,1,,,,
3440,4820,1,,,,
3441,4823,1,,,,
3442,4828,1,,,,
3443,4830,1,,,,
3444,4832,1,,,,
3445,4834,1,,,,
3446,4835,1,,,,
3447,4836,1,,,,
3448,4837,1,,,,
3449,4845,1,,,,
3450,4846,1,,,,
3451,4855,1,,,,
3452,4856,1,,,,
3453,4861,1,,,,
3454,4862,1,,,,
3455,4869,2,,,,
3456,4870,1,,,,
3457,4872,1,,,,
3458,4873,2,,,,
3459,4895,1,,,,
3460,4899,2,,,,
3461,4900,1,,,,
3462,4901,2,,,,
3463,4903,1,,,,
3464,4904,1,,,,
3465,4905,1,,,,
3466,4910,1,,,,
3467,4914,3,,,,
3468,4915,1,,,,
3469,4920,1,,,,
3470,4921,1,,,,
3471,4925,1,,,,
3472,4930,2,,,,
3473,4933,1,,,,
3474,4937,1,,,,
3475,4940,1,,,,
3476,4944,1,,,,
3477,4946,1,,,,
3478,4948,1,,,,
3479,4949,1,,,,
3480,4954,1,,,,
3481,4964,1,,,,
3482,4976,2,,,,
3483,4977,1,,,,
3484,4978,1,,,,
3485,4982,1,,,,
3486,4990,1,,,,
3487,4991,1,,,,
3488,4994,1,,,,
3489,4995,2,,,,
3490,4999,1,,,,
3491,5005,1,,,,
3492,5006,1,,,,
3493,5015,1,,,,
3494,5017,2,,,,
3495,5019,1,,,,
3496,5023,2,,,,
3497,5034,1,,,,
3498,5037,1,,,,
3499,5038,1,,,,
3500,5041,1,,,,
3501,5043,1,,,,
3502,5050,1,,,,
3503,5052,1,,,,
3504,5054,1,,,,
3505,5056,1,,,,
3506,5061,2,,,,
3507,5062,1,,,,
3508,5063,2,,,,
3509,5067,2,,,,
3510,5068,1,,,,
3511,5079,1,,,,
3512,5085,1,,,,
3513,5086,2,,,,
3514,5088,1,,,,
3515,5092,1,,,,
3516,5096,2,,,,
3517,5102,1,,,,
3518,5108,1,,,,
3519,5109,1,,,,
3520,5112,1,,,,
3521,5113,1,,,,
3522,5114,1,,,,
3523,5116,1,,,,
3524,5120,1,,,,
3525,5123,1,,,,
3526,5124,1,,,,
3527,5126,1,,,,
3528,5129,2,,,,
3529,5133,1,,,,
3530,5134,1,,,,
3531,5137,1,,,,
3532,5138,1,,,,
3533,5139,1,,,,
3534,5140,1,,,,
3535,5143,2,,,,
3536,5144,1,,,,
3537,5153,2,,,,
3538,5156,1,,,,
3539,5157,1,,,,
3540,5162,2,,,,
3541,5164,1,,,,
3542,5165,1,,,,
3543,5169,1,,,,
3544,5170,1,,,,
3545,5171,1,,,,
3546,5172,1,,,,
3547,5177,2,,,,
3548,5178,1,,,,
3549,5182,1,,,,
3550,5183,1,,,,
3551,5187,1,,,,
3552,5193,2,,,,
3553,5200,1,,,,
3554,5204,1,,,,
3555,5219,1,,,,
3556,5222,1,,,,
3557,5237,1,,,,
3558,5241,1,,,,
3559,5242,1,,,,
3560,5245,1,,,,
3561,5247,1,,,,
3562,5249,1,,,,
3563,5254,1,,,,
3564,5258,2,,,,
3565,5263,1,,,,
3566,5276,1,,,,
3567,5278,2,,,,
3568,5283,1,,,,
3569,5286,2,,,,
3570,5288,1,,,,
3571,5291,2,,,,
3572,5293,1,,,,
3573,5297,2,,,,
3574,5301,1,,,,
3575,5302,1,,,,
3576,5304,1,,,,
3577,5305,1,,,,
3578,5306,1,,,,
3579,5307,1,,,,
3580,5308,1,,,,
3581,5320,2,,,,
3582,5331,1,,,,
3583,5337,1,,,,
3584,5342,1,,,,
3585,5343,1,,,,
3586,5347,1,,,,
3587,5348,1,,,,
3588,5349,2,,,,
3589,5354,1,,,,
3590,5355,2,,,,
3591,5356,1,,,,
3592,5357,1,,,,
3593,5358,1,,,,
3594,5359,1,,,,
3595,5366,1,,,,
3596,5372,1,,,,
3597,5374,1,,,,
3598,5379,1,,,,
3599,5380,1,,,,
3600,5390,1,,,,
3601,5391,1,,,,
3602,5394,1,,,,
3603,5402,1,,,,
3604,5403,1,,,,
3605,5407,1,,,,
3606,5413,1,,,,
3607,5422,1,,,,
3608,5426,1,,,,
3609,5433,1,,,,
3610,5435,1,,,,
3611,5438,1,,,,
3612,5439,4,,,,
3613,5452,1,,,,
3614,5454,1,,,,
3615,5457,1,,,,
3616,5458,1,,,,
3617,5462,1,,,,
3618,5463,1,,,,
3619,5467,1,,,,
3620,5468,1,,,,
3621,5471,2,,,,
3622,5473,1,,,,
3623,5478,1,,,,
3624,5485,1,,,,
3625,5496,1,,,,
3626,5502,1,,,,
3627,5505,1,,,,
3628,5507,1,,,,
3629,5515,1,,,,
3630,5516,1,,,,
3631,5519,1,,,,
3632,5530,1,,,,
3633,5534,1,,,,
3634,5548,1,,,,
3635,5558,1,,,,
3636,5572,1,,,,
3637,5576,1,,,,
3638,5578,1,,,,
3639,5582,2,,,,
3640,5589,1,,,,
3641,5591,1,,,,
3642,5594,3,,,,
3643,5598,1,,,,
3644,5606,1,,,,
3645,5612,1,,,,
3646,5615,1,,,,
3647,5618,2,,,,
3648,5626,1,,,,
3649,5635,1,,,,
3650,5647,1,,,,
3651,5656,1,,,,
3652,5662,1,,,,
3653,5663,1,,,,
3654,5668,1,,,,
3655,5669,1,,,,
3656,5673,1,,,,
3657,5678,1,,,,
3658,5681,1,,,,
3659,5686,1,,,,
3660,5689,1,,,,
3661,5691,1,,,,
3662,5692,1,,,,
3663,5698,2,,,,
3664,5699,1,,,,
3665,5701,1,,,,
3666,5707,1,,,,
3667,5712,1,,,,
3668,5713,1,,,,
3669,5716,1,,,,
3670,5717,1,,,,
3671,5726,1,,,,
3672,5729,2,,,,
3673,5731,2,,,,
3674,5733,1,,,,
3675,5736,1,,,,
3676,5737,1,,,,
3677,5739,1,,,,
3678,5748,1,,,,
3679,5751,1,,,,
3680,5753,1,,,,
3681,5755,1,,,,
3682,5758,1,,,,
3683,5760,1,,,,
3684,5767,1,,,,
3685,5770,1,,,,
3686,5772,1,,,,
3687,5776,3,,,,
3688,5779,1,,,,
3689,5789,1,,,,
3690,5791,1,,,,
3691,5796,2,,,,
3692,5803,1,,,,
3693,5808,1,,,,
3694,5812,2,,,,
3695,5813,2,,,,
3696,5818,2,,,,
3697,5822,1,,,,
3698,5828,1,,,,
3699,5829,1,,,,
3700,5848,1,,,,
3701,5850,1,,,,
3702,5858,2,,,,
3703,5862,1,,,,
3704,5866,1,,,,
3705,5870,2,,,,
3706,5873,1,,,,
3707,5880,1,,,,
3708,5883,1,,,,
3709,5887,1,,,,
3710,5897,1,,,,
3711,5901,1,,,,
3712,5905,1,,,,
3713,5916,1,,,,
3714,5918,1,,,,
3715,5922,1,,,,
3716,5926,1,,,,
3717,5927,1,,,,
3718,5938,1,,,,
3719,5943,1,,,,
3720,5944,1,,,,
3721,5945,1,,,,
3722,5946,1,,,,
3723,5950,2,,,,
3724,5952,1,,,,
3725,5960,1,,,,
3726,5965,1,,,,
3727,5966,1,,,,
3728,5976,1,,,,
3729,5982,2,,,,
3730,5984,1,,,,
3731,5987,3,,,,
3732,6001,1,,,,
3733,6007,1,,,,
3734,6011,1,,,,
3735,6017,1,,,,
3736,6018,1,,,,
3737,6023,2,,,,
3738,6025,1,,,,
3739,6033,2,,,,
3740,6034,1,,,,
3741,6035,1,,,,
3742,6036,1,,,,
3743,6039,1,,,,
3744,6041,1,,,,
3745,6050,1,,,,
3746,6053,1,,,,
3747,6060,1,,,,
3748,6063,1,,,,
3749,6068,1,,,,
3750,6070,1,,,,
3751,6082,1,,,,
3752,6085,1,,,,
3753,6086,1,,,,
3754,6089,1,,,,
3755,6093,2,,,,
3756,6101,1,,,,
3757,6102,1,,,,
3758,6105,1,,,,
3759,6112,1,,,,
3760,6136,1,,,,
3761,6141,1,,,,
3762,6148,1,,,,
3763,6149,2,,,,
3764,6160,1,,,,
3765,6163,1,,,,
3766,6166,1,,,,
3767,6169,1,,,,
3768,6172,1,,,,
3769,6181,1,,,,
3770,6185,1,,,,
3771,6187,1,,,,
3772,6192,1,,,,
3773,6209,1,,,,
3774,6218,1,,,,
3775,6224,1,,,,
3776,6230,1,,,,
3777,6231,1,,,,
3778,6232,2,,,,
3779,6240,1,,,,
3780,6249,1,,,,
3781,6262,1,,,,
3782,6266,1,,,,
3783,6268,1,,,,
3784,6274,1,,,,
3785,6288,1,,,,
3786,6294,1,,,,
3787,6297,1,,,,
3788,6299,1,,,,
3789,6308,1,,,,
3790,6310,1,,,,
3791,6323,1,,,,
3792,6324,1,,,,
3793,6328,1,,,,
3794,6329,1,,,,
3795,6330,1,,,,
3796,6331,1,,,,
3797,6337,3,,,,
3798,6354,1,,,,
3799,6360,1,,,,
3800,6361,2,,,,
3801,6369,1,,,,
3802,6370,1,,,,
3803,6374,2,,,,
3804,6376,1,,,,
3805,6378,1,,,,
3806,6393,1,,,,
3807,6404,1,,,,
3808,6406,1,,,,
3809,6407,1,,,,
3810,6419,1,,,,
3811,6421,1,,,,
3812,6423,2,,,,
3813,6429,1,,,,
3814,6433,1,,,,
3815,6448,1,,,,
3816,6456,1,,,,
3817,6463,1,,,,
3818,6476,1,,,,
3819,6487,1,,,,
3820,6490,1,,,,
3821,6491,1,,,,
3822,6503,1,,,,
3823,6505,1,,,,
3824,6514,1,,,,
3825,6516,1,,,,
3826,6517,2,,,,
3827,6526,1,,,,
3828,6528,1,,,,
3829,6530,2,,,,
3830,6538,1,,,,
3831,6546,1,,,,
3832,6548,1,,,,
3833,6549,1,,,,
3834,6552,1,,,,
3835,6553,1,,,,
3836,6558,1,,,,
3837,6560,2,,,,
3838,6561,2,,,,
3839,6567,1,,,,
3840,6573,1,,,,
3841,6574,2,,,,
3842,6583,1,,,,
3843,6588,1,,,,
3844,6594,1,,,,
3845,6604,1,,,,
3846,6606,1,,,,
3847,6609,1,,,,
3848,6618,1,,,,
3849,6626,2,,,,
3850,6630,1,,,,
3851,6632,1,,,,
3852,6641,1,,,,
3853,6648,1,,,,
3854,6687,1,,,,
3855,6694,1,,,,
3856,6715,1,,,,
3857,6717,1,,,,
3858,6718,1,,,,
3859,6719,1,,,,
3860,6723,1,,,,
3861,6725,1,,,,
3862,6731,1,,,,
3863,6736,1,,,,
3864,6739,1,,,,
3865,6754,1,,,,
3866,6757,1,,,,
3867,6759,1,,,,
3868,6760,1,,,,
3869,6762,1,,,,
3870,6765,1,,,,
3871,6768,1,,,,
3872,6769,1,,,,
3873,6775,1,,,,
3874,6786,1,,,,
3875,6791,1,,,,
3876,6794,1,,,,
3877,6805,1,,,,
3878,6810,1,,,,
3879,6812,1,,,,
3880,6813,1,,,,
3881,6817,1,,,,
3882,6824,1,,,,
3883,6830,1,,,,
3884,6832,2,,,,
3885,6843,1,,,,
3886,6850,1,,,,
3887,6852,1,,,,
3888,6863,1,,,,
3889,6865,1,,,,
3890,6867,2,,,,
3891,6870,1,,,,
3892,6874,2,,,,
3893,6880,1,,,,
3894,6889,1,,,,
3895,6892,1,,,,
3896,6899,1,,,,
3897,6901,1,,,,
3898,6903,1,,,,
3899,6911,1,,,,
3900,6922,1,,,,
3901,6930,1,,,,
3902,6933,2,,,,
3903,6943,1,,,,
3904,6963,1,,,,
3905,6967,2,,,,
3906,6978,1,,,,
3907,6981,1,,,,
3908,6983,1,,,,
3909,6984,1,,,,
3910,6985,1,,,,
3911,6988,1,,,,
3912,6989,1,,,,
3913,6998,1,,,,
3914,7001,1,,,,
3915,7004,1,,,,
3916,7008,1,,,,
3917,7009,1,,,,
3918,7017,1,,,,
3919,7023,1,,,,
3920,7050,1,,,,
3921,7055,1,,,,
3922,7063,1,,,,
3923,7065,1,,,,
3924,7074,1,,,,
3925,7080,2,,,,
3926,7094,1,,,,
3927,7100,1,,,,
3928,7101,1,,,,
3929,7103,1,,,,
3930,7114,1,,,,
3931,7115,1,,,,
3932,7119,1,,,,
3933,7126,1,,,,
3934,7129,1,,,,
3935,7141,1,,,,
3936,7157,1,,,,
3937,7170,1,,,,
3938,7173,1,,,,
3939,7174,2,,,,
3940,7182,1,,,,
3941,7191,1,,,,
3942,7194,1,,,,
3943,7203,1,,,,
3944,7216,1,,,,
3945,7219,1,,,,
3946,7220,1,,,,
3947,7230,1,,,,
3948,7233,1,,,,
3949,7242,1,,,,
3950,7246,1,,,,
3951,7250,1,,,,
3952,7251,1,,,,
3953,7258,1,,,,
3954,7266,1,,,,
3955,7270,1,,,,
3956,7271,2,,,,
3957,7272,2,,,,
3958,7278,1,,,,
3959,7280,1,,,,
3960,7281,1,,,,
3961,7282,1,,,,
3962,7296,1,,,,
3963,7297,1,,,,
3964,7302,1,,,,
3965,7320,1,,,,
3966,7323,1,,,,
3967,7343,1,,,,
3968,7354,1,,,,
3969,7356,1,,,,
3970,7367,1,,,,
3971,7372,1,,,,
3972,7374,1,,,,
3973,7380,1,,,,
3974,7404,1,,,,
3975,7427,1,,,,
3976,7428,1,,,,
3977,7430,1,,,,
3978,7431,1,,,,
3979,7460,1,,,,
3980,7462,1,,,,
3981,7465,1,,,,
3982,7467,1,,,,
3983,7471,1,,,,
3984,7472,1,,,,
3985,7480,1,,,,
3986,7481,2,,,,
3987,7490,1,,,,
3988,7496,1,,,,
3989,7499,1,,,,
3990,7500,1,,,,
3991,7502,1,,,,
3992,7504,1,,,,
3993,7505,1,,,,
3994,7515,1,,,,
3995,7525,2,,,,
3996,7552,1,,,,
3997,7557,1,,,,
3998,7571,1,,,,
3999,7581,1,,,,
4000,7585,1,,,,
4001,7595,2,,,,
4002,7598,1,,,,
4003,7599,1,,,,
4004,7600,1,,,,
4005,7602,1,,,,
4006,7605,2,,,,
4007,7606,1,,,,
4008,7618,1,,,,
4009,7621,1,,,,
4010,7635,1,,,,
4011,7637,1,,,,
4012,7638,1,,,,
4013,7645,3,,,,
4014,7650,1,,,,
4015,7660,1,,,,
4016,7661,1,,,,
4017,7698,1,,,,
4018,7701,1,,,,
4019,7708,1,,,,
4020,7710,2,,,,
4021,7717,1,,,,
4022,7723,1,,,,
4023,7726,1,,,,
4024,7728,1,,,,
4025,7733,1,,,,
4026,7762,2,,,,
4027,7764,1,,,,
4028,7774,1,,,,
4029,7776,1,,,,
4030,7796,1,,,,
4031,7799,2,,,,
4032,7802,1,,,,
4033,7803,1,,,,
4034,7827,1,,,,
4035,7847,1,,,,
4036,7850,1,,,,
4037,7851,1,,,,
4038,7857,1,,,,
4039,7867,1,,,,
4040,7872,1,,,,
4041,7875,1,,,,
4042,7877,1,,,,
4043,7892,1,,,,
4044,7898,1,,,,
4045,7900,1,,,,
4046,7901,1,,,,
4047,7903,1,,,,
4048,7911,1,,,,
4049,7914,1,,,,
4050,7924,1,,,,
4051,7941,1,,,,
4052,7943,1,,,,
4053,7960,1,,,,
4054,7971,1,,,,
4055,7972,1,,,,
4056,7979,1,,,,
4057,7984,1,,,,
4058,7987,1,,,,
4059,7989,1,,,,
4060,7992,1,,,,
4061,8001,1,,,,
4062,8003,1,,,,
4063,8006,1,,,,
4064,8017,2,,,,
4065,8019,1,,,,
4066,8029,1,,,,
4067,8033,1,,,,
4068,8061,2,,,,
4069,8065,1,,,,
4070,8073,1,,,,
4071,8082,2,,,,
4072,8084,1,,,,
4073,8085,1,,,,
4074,8086,1,,,,
4075,8087,1,,,,
4076,8088,2,,,,
4077,8099,1,,,,
4078,8112,1,,,,
4079,8114,1,,,,
4080,8131,1,,,,
4081,8139,1,,,,
4082,8142,1,,,,
4083,8148,1,,,,
4084,8154,1,,,,
4085,8155,1,,,,
4086,8157,1,,,,
4087,8191,1,,,,
4088,8192,1,,,,
4089,8196,2,,,,
4090,8197,1,,,,
4091,8206,1,,,,
4092,8208,1,,,,
4093,8210,1,,,,
4094,8211,1,,,,
4095,8220,1,,,,
4096,8227,1,,,,
4097,8232,1,,,,
4098,8233,1,,,,
4099,8235,1,,,,
4100,8246,1,,,,
4101,8255,1,,,,
4102,8264,1,,,,
4103,8270,1,,,,
4104,8292,1,,,,
4105,8301,1,,,,
4106,8304,1,,,,
4107,8314,1,,,,
4108,8316,1,,,,
4109,8317,1,,,,
4110,8329,2,,,,
4111,8332,1,,,,
4112,8348,2,,,,
4113,8350,1,,,,
4114,8351,1,,,,
4115,8371,1,,,,
4116,8374,1,,,,
4117,8389,1,,,,
4118,8401,1,,,,
4119,8406,1,,,,
4120,8414,1,,,,
4121,8426,2,,,,
4122,8449,1,,,,
4123,8459,1,,,,
4124,8466,1,,,,
4125,8468,1,,,,
4126,8469,1,,,,
4127,8480,1,,,,
4128,8492,1,,,,
4129,8498,1,,,,
4130,8504,1,,,,
4131,8526,1,,,,
4132,8538,1,,,,
4133,8548,1,,,,
4134,8549,1,,,,
4135,8550,1,,,,
4136,8557,1,,,,
4137,8559,1,,,,
4138,8573,1,,,,
4139,8592,1,,,,
4140,8593,1,,,,
4141,8601,1,,,,
4142,8603,1,,,,
4143,8614,1,,,,
4144,8616,1,,,,
4145,8621,1,,,,
4146,8657,1,,,,
4147,8676,1,,,,
4148,8681,1,,,,
4149,8683,1,,,,
4150,8688,1,,,,
4151,8704,1,,,,
4152,8723,1,,,,
4153,8733,1,,,,
4154,8743,1,,,,
4155,8753,1,,,,
4156,8771,1,,,,
4157,8775,1,,,,
4158,8778,1,,,,
4159,8787,1,,,,
4160,8796,1,,,,
4161,8805,1,,,,
4162,8808,1,,,,
4163,8819,1,,,,
4164,8820,2,,,,
4165,8824,2,,,,
4166,8842,1,,,,
4167,8845,1,,,,
4168,8863,1,,,,
4169,8872,1,,,,
4170,8874,1,,,,
4171,8876,1,,,,
4172,8885,1,,,,
4173,8890,1,,,,
4174,8909,1,,,,
4175,8926,2,,,,
4176,8934,1,,,,
4177,8940,1,,,,
4178,8961,1,,,,
4179,8962,1,,,,
4180,8977,1,,,,
4181,8989,1,,,,
4182,8991,1,,,,
4183,9001,1,,,,
4184,9005,1,,,,
4185,9009,1,,,,
4186,9025,1,,,,
4187,9038,2,,,,
4188,9050,1,,,,
4189,9051,1,,,,
4190,9058,1,,,,
4191,9062,1,,,,
4192,9069,1,,,,
4193,9074,1,,,,
4194,9084,1,,,,
4195,9102,1,,,,
4196,9125,1,,,,
4197,9129,2,,,,
4198,9135,1,,,,
4199,9144,1,,,,
4200,9148,1,,,,
4201,9152,1,,,,
4202,9172,1,,,,
4203,9201,1,,,,
4204,9202,1,,,,
4205,9217,1,,,,
4206,9218,1,,,,
4207,9231,1,,,,
4208,9234,1,,,,
4209,9243,1,,,,
4210,9245,1,,,,
4211,9260,1,,,,
4212,9266,1,,,,
4213,9273,1,,,,
4214,9280,1,,,,
4215,9283,2,,,,
4216,9288,1,,,,
4217,9300,1,,,,
4218,9306,1,,,,
4219,9319,1,,,,
4220,9322,1,,,,
4221,9324,1,,,,
4222,9342,1,,,,
4223,9353,1,,,,
4224,9356,1,,,,
4225,9359,1,,,,
4226,9369,1,,,,
4227,9401,1,,,,
4228,9419,1,,,,
4229,9420,1,,,,
4230,9430,1,,,,
4231,9446,1,,,,
4232,9450,1,,,,
4233,9451,1,,,,
4234,9454,1,,,,
4235,9461,1,,,,
4236,9464,2,,,,
4237,9470,1,,,,
4238,9473,1,,,,
4239,9482,1,,,,
4240,9486,1,,,,
4241,9487,2,,,,
4242,9498,1,,,,
4243,9501,1,,,,
4244,9508,1,,,,
4245,9523,1,,,,
4246,9531,1,,,,
4247,9549,1,,,,
4248,9556,2,,,,
4249,9558,1,,,,
4250,9567,1,,,,
4251,9587,3,,,,
4252,9588,1,,,,
4253,9590,1,,,,
4254,9594,1,,,,
4255,9607,1,,,,
4256,9618,1,,,,
4257,9619,1,,,,
4258,9629,1,,,,
4259,9637,1,,,,
4260,9669,1,,,,
4261,9670,1,,,,
4262,9673,1,,,,
4263,9678,1,,,,
4264,9680,1,,,,
4265,9686,1,,,,
4266,9700,1,,,,
4267,9707,1,,,,
4268,9711,1,,,,
4269,9716,1,,,,
4270,9726,1,,,,
4271,9748,1,,,,
4272,9754,1,,,,
4273,9760,1,,,,
4274,9780,1,,,,
4275,9781,1,,,,
4276,9790,1,,,,
4277,9800,1,,,,
4278,9801,1,,,,
4279,9831,1,,,,
4280,9840,1,,,,
4281,9847,1,,,,
4282,9861,2,,,,
4283,9863,1,,,,
4284,9875,1,,,,
4285,9887,1,,,,
4286,9890,1,,,,
4287,9895,1,,,,
4288,9913,1,,,,
4289,9917,1,,,,
4290,9919,1,,,,
4291,9922,1,,,,
4292,9936,1,,,,
4293,9937,1,,,,
4294,9939,1,,,,
4295,9958,1,,,,
4296,9959,1,,,,
4297,9975,1,,,,
4298,9982,1,,,,
4299,9997,1,,,,
4300,10003,1,,,,
4301,10004,1,,,,
4302,10005,2,,,,
4303,10027,1,,,,
4304,10028,1,,,,
4305,10043,1,,,,
4306,10047,1,,,,
4307,10052,1,,,,
4308,10053,1,,,,
4309,10055,1,,,,
4310,10063,1,,,,
4311,10080,1,,,,
4312,10088,1,,,,
4313,10099,1,,,,
4314,10105,1,,,,
4315,10111,1,,,,
4316,10138,1,,,,
4317,10149,1,,,,
4318,10151,1,,,,
4319,10154,1,,,,
4320,10179,1,,,,
4321,10184,1,,,,
4322,10186,2,,,,
4323,10193,2,,,,
4324,10194,1,,,,
4325,10211,1,,,,
4326,10216,1,,,,
4327,10219,1,,,,
4328,10224,2,,,,
4329,10232,1,,,,
4330,10238,1,,,,
4331,10281,1,,,,
4332,10285,1,,,,
4333,10292,3,,,,
4334,10306,1,,,,
4335,10313,1,,,,
4336,10316,1,,,,
4337,10328,1,,,,
4338,10334,1,,,,
4339,10345,1,,,,
4340,10353,1,,,,
4341,10384,1,,,,
4342,10386,1,,,,
4343,10395,1,,,,
4344,10446,1,,,,
4345,10448,1,,,,
4346,10468,1,,,,
4347,10494,1,,,,
4348,10500,1,,,,
4349,10505,1,,,,
4350,10506,1,,,,
4351,10519,1,,,,
4352,10526,1,,,,
4353,10530,2,,,,
4354,10556,1,,,,
4355,10581,1,,,,
4356,10582,2,,,,
4357,10592,1,,,,
4358,10607,1,,,,
4359,10653,1,,,,
4360,10669,1,,,,
4361,10677,1,,,,
4362,10691,1,,,,
4363,10726,1,,,,
4364,10744,1,,,,
4365,10753,1,,,,
4366,10773,1,,,,
4367,10781,1,,,,
4368,10785,1,,,,
4369,10808,1,,,,
4370,10812,1,,,,
4371,10842,2,,,,
4372,10846,2,,,,
4373,10873,1,,,,
4374,10924,1,,,,
4375,10933,1,,,,
4376,10943,1,,,,
4377,10956,1,,,,
4378,10958,1,,,,
4379,10965,1,,,,
4380,10970,1,,,,
4381,10971,1,,,,
4382,10976,1,,,,
4383,10978,1,,,,
4384,10984,1,,,,
4385,10987,1,,,,
4386,10998,1,,,,
4387,11037,1,,,,
4388,11049,1,,,,
4389,11050,1,,,,
4390,11072,1,,,,
4391,11089,1,,,,
4392,11094,1,,,,
4393,11106,1,,,,
4394,11121,1,,,,
4395,11155,1,,,,
4396,11156,1,,,,
4397,11159,1,,,,
4398,11161,1,,,,
4399,11163,1,,,,
4400,11173,1,,,,
4401,11186,1,,,,
4402,11188,2,,,,
4403,11191,1,,,,
4404,11203,1,,,,
4405,11234,1,,,,
4406,11265,1,,,,
4407,11272,1,,,,
4408,11281,1,,,,
4409,11289,1,,,,
4410,11290,1,,,,
4411,11299,1,,,,
4412,11306,1,,,,
4413,11319,1,,,,
4414,11332,1,,,,
4415,11391,1,,,,
4416,11397,1,,,,
4417,11400,1,,,,
4418,11402,1,,,,
4419,11474,1,,,,
4420,11509,1,,,,
4421,11513,1,,,,
4422,11519,1,,,,
4423,11528,1,,,,
4424,11543,1,,,,
4425,11546,1,,,,
4426,11557,1,,,,
4427,11596,1,,,,
4428,11600,1,,,,
4429,11611,1,,,,
4430,11612,1,,,,
4431,11628,1,,,,
4432,11649,2,,,,
4433,11654,1,,,,
4434,11670,1,,,,
4435,11671,1,,,,
4436,11677,1,,,,
4437,11695,1,,,,
4438,11720,2,,,,
4439,11726,1,,,,
4440,11744,1,,,,
4441,11751,1,,,,
4442,11794,1,,,,
4443,11797,1,,,,
4444,11799,1,,,,
4445,11816,1,,,,
4446,11839,1,,,,
4447,11862,1,,,,
4448,11900,1,,,,
4449,11935,1,,,,
4450,11940,1,,,,
4451,11945,1,,,,
4452,11987,1,,,,
4453,12009,1,,,,
4454,12015,1,,,,
4455,12037,1,,,,
4456,12052,1,,,,
4457,12067,1,,,,
4458,12084,1,,,,
4459,12114,1,,,,
4460,12121,1,,,,
4461,12139,1,,,,
4462,12157,1,,,,
4463,12225,1,,,,
4464,12229,1,,,,
4465,12257,1,,,,
4466,12331,1,,,,
4467,12339,1,,,,
4468,12351,2,,,,
4469,12360,1,,,,
4470,12381,1,,,,
4471,12387,1,,,,
4472,12409,1,,,,
4473,12452,1,,,,
4474,12472,2,,,,
4475,12481,1,,,,
4476,12488,1,,,,
4477,12492,1,,,,
4478,12509,1,,,,
4479,12519,1,,,,
4480,12527,1,,,,
4481,12548,1,,,,
4482,12554,1,,,,
4483,12556,1,,,,
4484,12589,1,,,,
4485,12610,1,,,,
4486,12626,1,,,,
4487,12663,1,,,,
4488,12667,1,,,,
4489,12686,1,,,,
4490,12725,1,,,,
4491,12750,1,,,,
4492,12751,1,,,,
4493,12752,1,,,,
4494,12763,1,,,,
4495,12765,1,,,,
4496,12777,1,,,,
4497,12796,1,,,,
4498,12800,1,,,,
4499,12820,1,,,,
4500,12831,1,,,,
4501,12845,1,,,,
4502,12846,1,,,,
4503,12865,1,,,,
4504,12943,1,,,,
4505,12955,1,,,,
4506,12976,1,,,,
4507,12982,1,,,,
4508,12989,1,,,,
4509,12992,1,,,,
4510,13035,1,,,,
4511,13051,1,,,,
4512,13054,1,,,,
4513,13058,1,,,,
4514,13073,1,,,,
4515,13130,1,,,,
4516,13151,1,,,,
4517,13190,1,,,,
4518,13287,1,,,,
4519,13288,1,,,,
4520,13289,1,,,,
4521,13290,1,,,,
4522,13354,1,,,,
4523,13382,1,,,,
4524,13386,1,,,,
4525,13452,1,,,,
4526,13454,1,,,,
4527,13579,1,,,,
4528,13613,1,,,,
4529,13618,2,,,,
4530,13624,2,,,,
4531,13648,1,,,,
4532,13691,1,,,,
4533,13692,1,,,,
4534,13714,1,,,,
4535,13724,1,,,,
4536,13774,1,,,,
4537,13795,1,,,,
4538,13800,1,,,,
4539,13815,1,,,,
4540,13826,1,,,,
4541,13827,1,,,,
4542,13831,1,,,,
4543,13832,1,,,,
4544,13837,1,,,,
4545,13843,1,,,,
4546,13864,1,,,,
4547,13876,1,,,,
4548,13878,1,,,,
4549,13908,1,,,,
4550,13910,1,,,,
4551,13913,1,,,,
4552,13937,1,,,,
4553,13941,1,,,,
4554,13978,1,,,,
4555,14007,1,,,,
4556,14015,1,,,,
4557,14076,2,,,,
4558,14119,1,,,,
4559,14123,1,,,,
4560,14141,1,,,,
4561,14162,1,,,,
4562,14163,1,,,,
4563,14169,1,,,,
4564,14172,1,,,,
4565,14239,1,,,,
4566,14241,1,,,,
4567,14249,1,,,,
4568,14277,1,,,,
4569,14290,1,,,,
4570,14342,1,,,,
4571,14359,1,,,,
4572,14421,1,,,,
4573,14471,1,,,,
4574,14476,1,,,,
4575,14505,1,,,,
4576,14548,1,,,,
4577,14554,1,,,,
4578,14567,1,,,,
4579,14572,1,,,,
4580,14600,1,,,,
4581,14607,1,,,,
4582,14688,1,,,,
4583,14704,1,,,,
4584,14725,1,,,,
4585,14736,1,,,,
4586,14774,1,,,,
4587,14791,1,,,,
4588,14792,1,,,,
4589,14822,1,,,,
4590,14831,1,,,,
4591,14874,1,,,,
4592,14888,1,,,,
4593,14959,1,,,,
4594,14993,1,,,,
4595,15000,1,,,,
4596,15013,1,,,,
4597,15031,1,,,,
4598,15032,1,,,,
4599,15046,1,,,,
4600,15047,1,,,,
4601,15048,1,,,,
4602,15185,1,,,,
4603,15190,1,,,,
4604,15233,1,,,,
4605,15242,1,,,,
4606,15244,1,,,,
4607,15271,1,,,,
4608,15284,1,,,,
4609,15316,1,,,,
4610,15348,1,,,,
4611,15351,1,,,,
4612,15360,1,,,,
4613,15395,1,,,,
4614,15402,1,,,,
4615,15494,1,,,,
4616,15495,1,,,,
4617,15537,1,,,,
4618,15541,1,,,,
4619,15542,1,,,,
4620,15552,1,,,,
4621,15637,1,,,,
4622,15682,1,,,,
4623,15685,1,,,,
4624,15707,2,,,,
4625,15708,1,,,,
4626,15729,1,,,,
4627,15743,1,,,,
4628,15752,1,,,,
4629,15770,1,,,,
4630,15793,1,,,,
4631,15797,1,,,,
4632,15869,1,,,,
4633,15883,1,,,,
4634,15936,1,,,,
4635,15941,1,,,,
4636,15946,1,,,,
4637,15961,1,,,,
4638,15986,1,,,,
4639,15997,1,,,,
4640,16008,1,,,,
4641,16013,1,,,,
4642,16044,1,,,,
4643,16046,1,,,,
4644,16067,1,,,,
4645,16128,1,,,,
4646,16136,1,,,,
4647,16192,1,,,,
4648,16200,1,,,,
4649,16237,1,,,,
4650,16291,1,,,,
4651,16324,1,,,,
4652,16330,1,,,,
4653,16363,1,,,,
4654,16400,1,,,,
4655,16411,1,,,,
4656,16425,1,,,,
4657,16462,1,,,,
4658,16493,1,,,,
4659,16498,1,,,,
4660,16546,1,,,,
4661,16596,1,,,,
4662,16617,1,,,,
4663,16629,1,,,,
4664,16661,1,,,,
4665,16683,1,,,,
4666,16688,1,,,,
4667,16707,1,,,,
4668,16764,1,,,,
4669,16768,1,,,,
4670,16795,1,,,,
4671,16875,1,,,,
4672,16889,1,,,,
4673,16903,1,,,,
4674,16959,1,,,,
4675,16979,1,,,,
4676,16996,1,,,,
4677,17012,1,,,,
4678,17055,1,,,,
4679,17099,1,,,,
4680,17136,1,,,,
4681,17168,1,,,,
4682,17198,1,,,,
4683,17238,1,,,,
4684,17289,1,,,,
4685,17303,1,,,,
4686,17309,1,,,,
4687,17373,1,,,,
4688,17387,1,,,,
4689,17397,1,,,,
4690,17407,2,,,,
4691,17426,1,,,,
4692,17452,1,,,,
4693,17453,1,,,,
4694,17477,1,,,,
4695,17501,1,,,,
4696,17542,1,,,,
4697,17555,1,,,,
4698,17556,1,,,,
4699,17581,1,,,,
4700,17595,1,,,,
4701,17687,1,,,,
4702,17700,1,,,,
4703,17716,1,,,,
4704,17746,1,,,,
4705,17754,1,,,,
4706,17756,1,,,,
4707,17763,1,,,,
4708,17803,1,,,,
4709,17821,1,,,,
4710,17822,1,,,,
4711,17849,1,,,,
4712,17876,1,,,,
4713,17891,1,,,,
4714,18037,1,,,,
4715,18058,1,,,,
4716,18264,1,,,,
4717,18311,1,,,,
4718,18322,1,,,,
4719,18331,1,,,,
4720,18385,1,,,,
4721,18403,1,,,,
4722,18412,1,,,,
4723,18481,1,,,,
4724,18490,1,,,,
4725,18603,1,,,,
4726,18674,1,,,,
4727,18691,1,,,,
4728,18707,1,,,,
4729,18724,1,,,,
4730,18810,1,,,,
4731,18857,1,,,,
4732,18908,1,,,,
4733,19022,1,,,,
4734,19027,1,,,,
4735,19043,1,,,,
4736,19053,1,,,,
4737,19096,1,,,,
4738,19164,1,,,,
4739,19208,1,,,,
4740,19215,1,,,,
4741,19257,1,,,,
4742,19268,1,,,,
4743,19273,1,,,,
4744,19288,1,,,,
4745,19327,1,,,,
4746,19334,1,,,,
4747,19348,1,,,,
4748,19358,1,,,,
4749,19370,1,,,,
4750,19390,1,,,,
4751,19449,1,,,,
4752,19521,1,,,,
4753,19559,1,,,,
4754,19614,1,,,,
4755,19652,1,,,,
4756,19892,1,,,,
4757,20007,1,,,,
4758,20055,1,,,,
4759,20056,1,,,,
4760,20097,1,,,,
4761,20166,1,,,,
4762,20169,1,,,,
4763,20197,1,,,,
4764,20200,1,,,,
4765,20280,1,,,,
4766,20281,1,,,,
4767,20283,1,,,,
4768,20296,1,,,,
4769,20402,1,,,,
4770,20457,1,,,,
4771,20474,1,,,,
4772,20580,1,,,,
4773,20620,1,,,,
4774,20726,1,,,,
4775,20800,1,,,,
4776,20811,1,,,,
4777,20866,1,,,,
4778,20915,1,,,,
4779,20924,1,,,,
4780,20971,1,,,,
4781,21005,1,,,,
4782,21007,1,,,,
4783,21111,1,,,,
4784,21243,1,,,,
4785,21258,1,,,,
4786,21306,1,,,,
4787,21320,1,,,,
4788,21396,1,,,,
4789,21399,1,,,,
4790,21414,1,,,,
4791,21444,1,,,,
4792,21507,1,,,,
4793,21556,1,,,,
4794,21557,1,,,,
4795,21746,1,,,,
4796,21758,1,,,,
4797,21759,1,,,,
4798,21817,1,,,,
4799,22125,1,,,,
4800,22170,1,,,,
4801,22299,1,,,,
4802,22327,1,,,,
4803,22344,1,,,,
4804,22370,1,,,,
4805,22452,1,,,,
4806,22557,1,,,,
4807,22649,1,,,,
4808,22650,1,,,,
4809,22687,1,,,,
4810,22693,1,,,,
4811,22707,1,,,,
4812,22724,1,,,,
4813,22758,1,,,,
4814,22854,1,,,,
4815,22871,1,,,,
4816,22875,1,,,,
4817,23092,1,,,,
4818,23191,1,,,,
4819,23259,1,,,,
4820,23488,1,,,,
4821,23549,1,,,,
4822,23552,1,,,,
4823,23555,1,,,,
4824,23562,1,,,,
4825,23849,1,,,,
4826,23880,1,,,,
4827,23885,1,,,,
4828,24001,1,,,,
4829,24040,1,,,,
4830,24050,1,,,,
4831,24181,1,,,,
4832,24201,1,,,,
4833,24244,1,,,,
4834,24249,1,,,,
4835,24252,1,,,,
4836,24438,1,,,,
4837,24468,1,,,,
4838,24483,1,,,,
4839,24633,1,,,,
4840,24650,1,,,,
4841,24724,1,,,,
4842,24786,1,,,,
4843,24840,1,,,,
4844,24931,1,,,,
4845,24974,1,,,,
4846,24983,1,,,,
4847,25056,1,,,,
4848,25138,1,,,,
4849,25158,1,,,,
4850,25179,1,,,,
4851,25348,1,,,,
4852,25378,1,,,,
4853,25484,1,,,,
4854,25611,1,,,,
4855,25695,1,,,,
4856,25732,1,,,,
4857,25806,1,,,,
4858,25956,1,,,,
4859,26059,1,,,,
4860,26105,1,,,,
4861,26153,1,,,,
4862,26240,1,,,,
4863,26490,1,,,,
4864,26508,1,,,,
4865,26643,1,,,,
4866,26753,1,,,,
4867,26758,1,,,,
4868,26820,1,,,,
4869,26958,1,,,,
4870,27023,1,,,,
4871,27067,1,,,,
4872,27132,1,,,,
4873,27135,1,,,,
4874,27192,1,,,,
4875,27297,1,,,,
4876,27382,1,,,,
4877,27426,1,,,,
4878,27452,1,,,,
4879,27454,1,,,,
4880,27468,1,,,,
4881,27492,1,,,,
4882,27597,1,,,,
4883,27830,1,,,,
4884,27941,1,,,,
4885,28322,1,,,,
4886,28464,1,,,,
4887,28537,1,,,,
4888,28558,1,,,,
4889,28561,1,,,,
4890,28736,1,,,,
4891,28894,1,,,,
4892,29318,1,,,,
4893,29555,2,,,,
4894,29718,1,,,,
4895,29766,1,,,,
4896,29903,1,,,,
4897,30064,1,,,,
4898,30172,1,,,,
4899,30179,1,,,,
4900,30333,1,,,,
4901,30519,1,,,,
4902,30582,1,,,,
4903,30706,1,,,,
4904,30726,1,,,,
4905,30828,1,,,,
4906,30856,1,,,,
4907,31089,1,,,,
4908,31193,1,,,,
4909,31257,1,,,,
4910,31348,1,,,,
4911,31433,1,,,,
4912,31558,1,,,,
4913,31627,1,,,,
4914,31653,1,,,,
4915,31839,1,,,,
4916,31846,1,,,,
4917,31914,1,,,,
4918,32234,1,,,,
4919,32240,1,,,,
4920,32247,1,,,,
4921,32579,1,,,,
4922,32748,1,,,,
4923,32911,1,,,,
4924,33005,1,,,,
4925,33169,1,,,,
4926,33272,1,,,,
4927,33396,1,,,,
4928,33695,1,,,,
4929,33817,1,,,,
4930,33909,1,,,,
4931,34194,1,,,,
4932,34278,1,,,,
4933,34515,1,,,,
4934,34565,1,,,,
4935,34583,1,,,,
4936,34593,1,,,,
4937,34668,1,,,,
4938,34674,1,,,,
4939,34777,1,,,,
4940,34779,1,,,,
4941,35357,1,,,,
4942,35446,1,,,,
4943,35837,1,,,,
4944,36268,1,,,,
4945,36414,1,,,,
4946,36513,1,,,,
4947,36978,1,,,,
4948,37433,1,,,,
4949,37618,1,,,,
4950,37729,1,,,,
4951,37787,1,,,,
4952,37788,1,,,,
4953,37899,1,,,,
4954,38566,1,,,,
4955,38660,1,,,,
4956,38700,1,,,,
4957,38996,1,,,,
4958,39153,1,,,,
4959,39158,1,,,,
4960,39538,1,,,,
4961,39586,1,,,,
4962,39610,1,,,,
4963,39898,1,,,,
4964,39924,1,,,,
4965,40215,1,,,,
4966,40232,1,,,,
4967,40298,1,,,,
4968,40318,1,,,,
4969,40435,1,,,,
4970,40545,1,,,,
4971,40644,1,,,,
4972,41095,1,,,,
4973,41149,1,,,,
4974,41433,1,,,,
4975,41532,1,,,,
4976,41727,1,,,,
4977,41731,1,,,,
4978,41895,1,,,,
4979,41901,1,,,,
4980,42012,1,,,,
4981,42054,1,,,,
4982,42092,1,,,,
4983,42388,1,,,,
4984,42779,1,,,,
4985,43250,1,,,,
4986,43817,1,,,,
4987,43857,1,,,,
4988,44054,1,,,,
4989,44529,1,,,,
4990,44710,1,,,,
4991,44791,1,,,,
4992,44884,1,,,,
4993,45370,1,,,,
4994,45396,1,,,,
4995,45431,1,,,,
4996,45450,1,,,,
4997,45648,1,,,,
4998,46095,1,,,,
4999,46104,1,,,,
5000,46451,1,,,,
5001,47053,1,,,,
5002,47579,1,,,,
5003,47632,1,,,,
5004,47737,1,,,,
5005,48076,1,,,,
5006,48749,1,,,,
5007,49530,1,,,,
5008,49546,1,,,,
5009,49843,1,,,,
5010,51273,1,,,,
5011,51902,1,,,,
5012,51999,1,,,,
5013,52282,1,,,,
5014,52471,1,,,,
5015,52538,1,,,,
5016,53630,1,,,,
5017,54053,1,,,,
5018,54055,1,,,,
5019,54175,1,,,,
5020,54629,1,,,,
5021,54719,1,,,,
5022,54780,1,,,,
5023,55265,1,,,,
5024,55403,1,,,,
5025,56121,1,,,,
5026,56895,1,,,,
5027,57587,1,,,,
5028,58087,1,,,,
5029,58459,1,,,,
5030,58812,1,,,,
5031,59003,1,,,,
5032,59709,1,,,,
5033,60145,1,,,,
5034,60564,1,,,,
5035,61186,1,,,,
5036,61834,1,,,,
5037,62228,1,,,,
5038,62252,1,,,,
5039,62664,1,,,,
5040,63150,1,,,,
5041,66527,1,,,,
5042,67429,1,,,,
5043,67767,1,,,,
5044,69005,1,,,,
5045,69196,1,,,,
5046,71335,1,,,,
5047,71430,1,,,,
5048,72630,1,,,,
5049,73051,1,,,,
5050,73242,1,,,,
5051,73383,1,,,,
5052,73486,1,,,,
5053,73617,1,,,,
5054,73961,1,,,,
5055,74980,1,,,,
5056,75469,1,,,,
5057,75605,1,,,,
5058,78639,1,,,,
5059,80007,1,,,,
5060,82173,1,,,,
5061,83286,1,,,,
5062,83478,1,,,,
5063,88571,1,,,,
5064,94723,1,,,,
5065,99831,1,,,,
5066,102586,1,,,,
5067,105615,1,,,,
5068,111122,1,,,,
5069,113424,1,,,,
5070,113883,1,,,,
5071,114497,1,,,,
5072,114736,1,,,,
5073,119831,1,,,,
5074,120371,1,,,,
5075,130491,1,,,,
5076,135119,1,,,,
5077,135989,1,,,,
5078,170144,1,,,,
5079,192445,1,,,,